0	0	0.0	0.2	32.0	0.2	32.0	0.8	4.0	>=160
0	0	0.0	0.7	112.0	0.7	112.0	0.5	0.7142857140000001	>=160
0	0	0.0	2.0	305.6	0.0	0.0	0.4	0.2	>=143.1AND<160
0	0	0.0	2.0	320.0	0.0	0.0	11.9	5.95	>=160
0	0	0.0	5.4	848.0	0.0	0.0	3.8	0.703703704	>=143.1AND<160
0	0	0.0	1.0	160.0	0.0	0.0	0.4	0.4	>=160
0	0	0.0	3.9	624.0	2.3	368.0	3.3	0.846153846	>=160
0	0	0.0	0.9	144.0	0.9	144.0	3.1	3.4444444439999997	>=160
0	0	0.0	3.0	480.0	0.0	0.0	0.0	0.0	>=160
0	0	0.0	0.8	128.0	0.8	128.0	0.2	0.25	>=160
0	0	0.0	1.0	165.0	0.0	0.0	0.9	0.9	>=160
0	0	0.0	0.6	96.0	0.6	96.0	2.0	3.333333333	>=160
0	0	0.0	1.1	181.5	1.1	181.5	0.3	0.272727273	>=160
0	0	0.0	0.2	33.0	0.2	33.0	0.0	0.0	>=160
0	0	0.0	0.1	16.0	0.1	16.0	1.0	10.0	>=160
0	0	0.0	0.2	32.0	0.2	32.0	3.4	17.0	>=160
0	0	0.0	1.0	152.0	0.0	0.0	0.0	0.0	>=143.1AND<160
0	0	0.0	0.4	66.0	0.4	66.0	1.1	2.75	>=160
11	8	0.727272	0.4	64.0	0.4	64.0	3.4	8.5	>=160
10	8	0.8	1.1	176.0	1.1	176.0	3.3	3.0	>=160
8	8	1.0	2.0	320.0	0.0	0.0	7.4	3.7	>=160
20	8	0.4	3.0	480.0	0.0	0.0	4.9	1.6333333330000002	>=160
0	0	0.0	2.0	320.0	0.0	0.0	3.9	1.95	>=160
0	0	0.0	1.0	160.0	1.0	160.0	0.1	0.1	>=160
0	0	0.0	3.4	544.0	3.4	544.0	11.3	3.323529412	>=160
0	0	0.0	0.5	80.0	0.5	80.0	0.1	0.2	>=160
0	0	0.0	2.0	320.0	0.0	0.0	0.3	0.15	>=160
0	0	0.0	0.7	112.0	0.7	112.0	0.1	0.14285714300000002	>=160
0	0	0.0	0.4	64.0	0.4	64.0	55.8	139.5	>=160
0	0	0.0	0.8	128.0	0.8	128.0	3.3	4.125	>=160
0	0	0.0	0.3	48.0	0.3	48.0	0.1	0.333333333	>=160
0	0	0.0	0.3	48.0	0.3	48.0	5.2	17.33333333	>=160
0	0	0.0	1.1	176.0	0.1	16.0	0.2	0.181818182	>=160
0	0	0.0	1.4	224.0	0.0	0.0	0.0	0.0	>=160
0	0	0.0	0.2	32.0	0.2	32.0	0.0	0.0	>=160
0	0	0.0	1.0	160.0	0.0	0.0	5.4	5.4	>=160
0	0	0.0	1.0	160.0	0.0	0.0	0.1	0.1	>=160
0	0	0.0	1.0	160.0	1.0	160.0	0.1	0.1	>=160
0	0	0.0	1.7	272.0	0.7	112.0	0.5	0.294117647	>=160
0	0	0.0	0.7	112.0	0.7	112.0	2.2	3.142857143	>=160
0	0	0.0	0.1	16.0	0.1	16.0	2.8	28.0	>=160
0	0	0.0	2.0	320.0	1.0	160.0	0.6	0.3	>=160
0	0	0.0	2.7	432.0	0.7	112.0	7.3	2.7037037039999996	>=160
0	0	0.0	0.1	16.0	0.1	16.0	11.5	115.0	>=160
0	0	0.0	1.0	160.0	0.0	0.0	0.4	0.4	>=160
4	4	1.0	0.2	32.0	0.2	32.0	2.7	13.5	>=160
0	0	0.0	0.3	48.0	0.3	48.0	0.2	0.666666667	>=160
4	4	1.0	0.5	80.0	0.5	80.0	2.6	5.2	>=160
0	0	0.0	3.0	480.0	0.0	0.0	2.0	0.666666667	>=160
0	0	0.0	3.0	480.0	0.0	0.0	0.4	0.133333333	>=160
4	4	1.0	0.6	96.0	0.6	96.0	5.2	8.666666667000001	>=160
0	0	0.0	3.0	480.0	0.0	0.0	4.3	1.4333333330000002	>=160
0	0	0.0	1.0	160.0	0.0	0.0	0.9	0.9	>=160
4	4	1.0	1.0	160.0	0.0	0.0	2.4	2.4	>=160
0	0	0.0	2.0	320.0	0.0	0.0	24.1	12.05	>=160
0	0	0.0	0.2	32.0	0.2	32.0	0.1	0.5	>=160
0	0	0.0	0.6	96.0	0.6	96.0	3.3	5.5	>=160
0	0	0.0	0.1	16.0	0.1	16.0	0.0	0.0	>=160
0	0	0.0	1.0	160.0	0.0	0.0	0.9	0.9	>=160
0	0	0.0	0.2	32.0	0.2	32.0	0.0	0.0	>=160
0	0	0.0	0.1	16.0	0.1	16.0	4.5	45.0	>=160
0	0	0.0	0.4	64.0	0.4	64.0	0.6	1.5	>=160
0	0	0.0	1.0	160.0	1.0	160.0	9.1	9.1	>=160
0	0	0.0	1.0	160.0	1.0	160.0	2.8	2.8	>=160
0	0	0.0	0.1	16.0	0.1	16.0	10.9	109.0	>=160
0	0	0.0	0.4	64.0	0.4	64.0	1.1	2.75	>=160
0	0	0.0	0.2	32.0	0.2	32.0	0.6	3.0	>=160
0	0	0.0	0.3	48.0	0.3	48.0	1.4	4.666666667	>=160
0	0	0.0	1.0	160.0	1.0	160.0	1.9	1.9	>=160
0	0	0.0	0.2	32.0	0.2	32.0	1.7	8.5	>=160
0	0	0.0	1.5	240.0	0.0	0.0	0.2	0.133333333	>=160
0	0	0.0	0.2	32.0	0.2	32.0	5.8	29.0	>=160
0	0	0.0	0.1	16.0	0.1	16.0	4.4	44.0	>=160
0	0	0.0	2.0	320.0	0.0	0.0	2.3	1.15	>=160
0	0	0.0	0.4	64.0	0.4	64.0	1.6	4.0	>=160
0	0	0.0	2.3	368.0	0.0	0.0	30.2	13.13043478	>=160
0	0	0.0	0.1	16.0	0.1	16.0	1.1	11.0	>=160
0	0	0.0	2.0	320.0	1.0	160.0	0.2	0.1	>=160
0	0	0.0	6.0	960.0	0.0	0.0	2.3	0.38333333299999994	>=160
0	0	0.0	0.2	32.0	0.2	32.0	0.1	0.5	>=160
0	0	0.0	1.0	160.0	0.0	0.0	0.4	0.4	>=160
0	0	0.0	1.1	176.0	0.1	16.0	0.6	0.545454545	>=160
0	0	0.0	1.0	160.0	0.0	0.0	1.1	1.1	>=160
0	0	0.0	1.0	160.0	1.0	160.0	0.5	0.5	>=160
0	0	0.0	0.4	64.0	0.4	64.0	0.1	0.25	>=160
0	0	0.0	11.3	1808.0	1.8	288.0	5.5	0.486725664	>=160
0	0	0.0	1.1	176.0	1.1	176.0	0.6	0.545454545	>=160
0	0	0.0	0.2	32.0	0.2	32.0	15.2	76.0	>=160
0	0	0.0	1.6	256.0	0.6	96.0	13.8	8.625	>=160
0	0	0.0	0.2	32.0	0.2	32.0	11.2	56.0	>=160
0	0	0.0	1.3	208.0	0.3	48.0	16.4	12.61538462	>=160
0	0	0.0	1.0	160.0	0.0	0.0	0.4	0.4	>=160
0	0	0.0	0.1	16.0	0.1	16.0	0.0	0.0	>=160
0	0	0.0	0.3	48.0	0.3	48.0	0.2	0.666666667	>=160
0	0	0.0	0.1	16.0	0.1	16.0	0.5	5.0	>=160
5	5	1.0	2.2	352.0	0.8	128.0	3.4	1.545454545	>=160
5	1	0.2	0.4	64.0	0.4	64.0	1.5	3.75	>=160
10	5	0.5	5.0	800.0	0.0	0.0	3.6	0.72	>=160
3	3	1.0	1.3	208.0	0.1	16.0	2.2	1.692307692	>=160
3	3	1.0	3.0	480.0	0.9	144.0	1.0	0.333333333	>=160
5	5	1.0	5.0	800.0	0.0	0.0	1.7	0.34	>=160
11	6	0.545454	2.4	352.0	0.3	48.0	4.5	1.875	>=143.1AND<160
5	2	0.4	2.0	304.0	0.0	0.0	0.7	0.35	>=143.1AND<160
1	1	1.0	1.0	160.0	0.0	0.0	10.7	10.7	>=160
20	3	0.15	3.0	480.0	0.9	144.0	1.7	0.566666667	>=160
10	1	0.1	1.0	160.0	0.0	0.0	1.6	1.6	>=160
2	2	1.0	1.0	160.0	0.0	0.0	1.7	1.7	>=160
5	5	1.0	2.0	320.0	2.0	320.0	4.5	2.25	>=160
5	5	1.0	5.0	800.0	0.2	32.0	1.4	0.28	>=160
4	4	1.0	4.0	640.0	0.3	48.0	1.2	0.3	>=160
3	3	1.0	3.0	480.0	0.0	0.0	0.4	0.133333333	>=160
3	3	1.0	2.2	352.0	0.5	80.0	6.4	2.9090909089999997	>=160
6	6	1.0	3.5	560.0	1.0	160.0	6.2	1.771428571	>=160
5	3	0.6	1.0	144.0	0.0	0.0	2.0	2.0	>=143.1AND<160
5	5	1.0	4.1	656.0	0.1	16.0	3.4	0.8292682929999999	>=160
2	2	1.0	0.7	112.0	0.7	112.0	0.8	1.142857143	>=160
6	6	1.0	0.4	64.0	0.4	64.0	5.0	12.5	>=160
2	1	0.5	0.1	16.0	0.1	16.0	0.7	7.0	>=160
5	1	0.2	0.5	80.0	0.5	80.0	0.8	1.6	>=160
0	0	0.0	1.0	160.0	0.0	0.0	2.7	2.7	>=160
5	1	0.2	1.4	224.0	0.3	48.0	1.8	1.285714286	>=160
0	0	0.0	0.6	99.0	0.6	99.0	0.2	0.333333333	>=160
5	1	0.2	1.0	152.0	0.0	0.0	0.4	0.4	>=143.1AND<160
5	1	0.2	0.3	49.5	0.3	49.5	0.9	3.0	>=160
5	1	0.2	1.4	224.0	0.4	64.0	0.7	0.5	>=160
5	1	0.2	1.0	160.0	0.0	0.0	3.8	3.8	>=160
5	1	0.2	0.5	82.5	0.5	82.5	2.7	5.4	>=160
5	2	0.4	1.2	198.0	0.2	33.0	2.0	1.6666666669999999	>=160
5	3	0.6	10.0	1600.0	1.9	304.0	3.6	0.36	>=160
10	2	0.2	2.3	379.5	1.2	198.0	3.9	1.6956521740000001	>=160
12	4	0.333333	8.9	1392.0	0.8	128.0	4.6	0.5168539329999999	>=143.1AND<160
10	2	0.2	6.9	1104.0	1.3	208.0	5.1	0.739130435	>=160
20	10	0.5	8.8	1408.0	1.3	208.0	20.4	2.3181818180000002	>=160
20	14	0.7	5.5	859.2	0.4	64.0	19.9	3.618181818	>=143.1AND<160
10	2	0.2	1.0	160.0	0.0	0.0	8.7	8.7	>=160
1	1	1.0	0.2	32.0	0.2	32.0	7.5	37.5	>=160
2	2	1.0	0.6	96.0	0.6	96.0	4.0	6.666666667	>=160
5	2	0.4	3.0	480.0	0.0	0.0	2.1	0.7	>=160
5	1	0.2	3.5	560.0	3.5	560.0	8.5	2.4285714290000002	>=160
5	1	0.2	0.2	32.0	0.2	32.0	56.4	282.0	>=160
0	0	0.0	1.4	224.0	0.4	64.0	2.2	1.571428571	>=160
2	2	1.0	2.0	320.0	0.8	128.0	0.5	0.25	>=160
9	7	0.777777	5.0	800.0	0.8	128.0	3.4	0.68	>=160
5	4	0.8	2.6	416.0	0.2	32.0	2.5	0.961538462	>=160
2	2	1.0	1.4	224.0	0.2	32.0	0.9	0.642857143	>=160
1	1	1.0	0.4	64.0	0.4	64.0	0.6	1.5	>=160
0	0	0.0	2.3	368.0	0.3	48.0	4.5	1.956521739	>=160
5	2	0.4	0.1	16.0	0.1	16.0	1.7	17.0	>=160
10	2	0.2	2.0	288.0	0.0	0.0	1.9	0.95	>=143.1AND<160
13	13	1.0	13.0	2080.0	0.0	0.0	4.1	0.315384615	>=160
3	3	1.0	0.7	112.0	0.7	112.0	2.3	3.285714286	>=160
7	7	1.0	1.0	160.0	0.0	0.0	9.0	9.0	>=160
5	3	0.6	2.0	320.0	0.0	0.0	1.7	0.85	>=160
2	2	1.0	0.1	16.0	0.1	16.0	1.7	17.0	>=160
10	3	0.3	2.0	320.0	0.0	0.0	1.9	0.95	>=160
10	3	0.3	1.0	160.0	0.0	0.0	6.9	6.9	>=160
2	2	1.0	1.0	160.0	0.0	0.0	6.0	6.0	>=160
0	0	0.0	0.6	96.0	0.6	96.0	1.4	2.333333333	>=160
0	0	0.0	0.2	32.0	0.2	32.0	2.6	13.0	>=160
0	0	0.0	0.1	16.0	0.1	16.0	5.6	56.0	>=160
4	1	0.25	0.9	144.0	0.9	144.0	0.5	0.5555555560000001	>=160
1	1	1.0	1.4	224.0	0.3	48.0	3.4	2.4285714290000002	>=160
2	2	1.0	0.3	48.0	0.3	48.0	1.6	5.333333333	>=160
2	2	1.0	0.5	80.0	0.5	80.0	5.6	11.2	>=160
1	1	1.0	0.7	112.0	0.7	112.0	4.8	6.857142857	>=160
2	2	1.0	2.0	320.0	0.0	0.0	2.3	1.15	>=160
1	1	1.0	1.7	272.0	0.7	112.0	6.7	3.9411764710000003	>=160
2	2	1.0	1.4	224.0	1.4	224.0	4.1	2.928571429	>=160
1	1	1.0	4.0	640.0	0.0	0.0	6.0	1.5	>=160
3	3	1.0	2.0	320.0	0.0	0.0	23.7	11.85	>=160
3	1	0.333333	0.5	80.0	0.5	80.0	0.4	0.8	>=160
2	1	0.5	0.1	16.0	0.1	16.0	0.5	5.0	>=160
8	1	0.125	0.1	16.0	0.1	16.0	3.7	37.0	>=160
5	5	1.0	4.7	700.0	0.4	60.0	3.1	0.659574468	>=143.1AND<160
1	1	1.0	0.3	48.0	0.3	48.0	3.5	11.66666667	>=160
1	1	1.0	1.7	272.0	1.7	272.0	3.7	2.176470588	>=160
1	1	1.0	0.6	96.0	0.6	96.0	5.1	8.5	>=160
2	2	1.0	0.7	112.0	0.7	112.0	2.1	3.0	>=160
1	1	1.0	0.6	96.0	0.6	96.0	8.6	14.33333333	>=160
5	1	0.2	2.5	400.0	1.5	240.0	7.9	3.16	>=160
6	2	0.333333	0.6	96.0	0.6	96.0	3.7	6.166666667	>=160
5	2	0.4	1.1	176.0	0.1	16.0	12.0	10.90909091	>=160
0	0	0.0	0.1	16.0	0.1	16.0	14.6	146.0	>=160
0	0	0.0	0.5	80.0	0.5	80.0	0.7	1.4	>=160
0	0	0.0	0.7	112.0	0.7	112.0	2.2	3.142857143	>=160
0	0	0.0	1.3	208.0	0.0	0.0	0.6	0.46153846200000004	>=160
5	1	0.2	0.1	16.0	0.1	16.0	10.8	108.0	>=160
3	3	1.0	1.0	160.0	0.0	0.0	2.4	2.4	>=160
2	2	1.0	3.5	560.0	1.2	192.0	3.5	1.0	>=160
0	0	0.0	0.3	48.0	0.3	48.0	1.5	5.0	>=160
1	1	1.0	0.6	96.0	0.6	96.0	0.7	1.166666667	>=160
1	1	1.0	1.8	288.0	0.8	128.0	0.7	0.38888888899999996	>=160
0	0	0.0	0.7	112.0	0.7	112.0	4.0	5.714285714	>=160
1	1	1.0	2.0	320.0	0.0	0.0	0.7	0.35	>=160
0	0	0.0	0.1	16.0	0.1	16.0	1.4	14.0	>=160
10	4	0.4	2.0	320.0	0.0	0.0	2.3	1.15	>=160
5	5	1.0	6.0	960.0	0.0	0.0	30.6	5.1	>=160
4	4	1.0	8.0	1280.0	0.0	0.0	4.7	0.5875	>=160
10	4	0.4	4.0	640.0	0.0	0.0	0.6	0.15	>=160
5	5	1.0	5.0	800.0	1.3	208.0	1.9	0.38	>=160
14	14	1.0	14.0	2240.0	0.3	48.0	6.1	0.435714286	>=160
5	5	1.0	5.0	800.0	1.1	176.0	1.7	0.34	>=160
5	5	1.0	1.0	160.0	0.0	0.0	3.9	3.9	>=160
9	9	1.0	4.0	640.0	0.0	0.0	5.9	1.475	>=160
2	2	1.0	2.0	320.0	0.0	0.0	0.9	0.45	>=160
7	7	1.0	2.0	320.0	0.0	0.0	5.1	2.55	>=160
7	7	1.0	3.0	480.0	0.5	80.0	4.6	1.533333333	>=160
6	6	1.0	6.0	960.0	1.0	160.0	2.4	0.4	>=160
3	3	1.0	1.4	224.0	1.4	224.0	2.0	1.428571429	>=160
3	1	0.333333	1.0	160.0	0.0	0.0	0.6	0.6	>=160
6	6	1.0	3.6	576.0	2.4	384.0	3.8	1.0555555559999998	>=160
4	4	1.0	2.0	320.0	1.0	160.0	2.6	1.3	>=160
6	6	1.0	2.0	320.0	0.0	0.0	3.9	1.95	>=160
6	6	1.0	6.0	960.0	0.0	0.0	1.9	0.316666667	>=160
5	5	1.0	1.3	208.0	0.3	48.0	4.2	3.230769231	>=160
10	1	0.1	1.0	160.0	0.0	0.0	0.3	0.3	>=160
3	3	1.0	3.0	480.0	0.7	112.0	1.0	0.333333333	>=160
5	5	1.0	5.0	800.0	0.0	0.0	1.6	0.32	>=160
6	6	1.0	1.7	272.0	1.7	272.0	4.8	2.823529412	>=160
3	3	1.0	1.1	176.0	1.1	176.0	3.1	2.8181818180000002	>=160
3	3	1.0	2.9	464.0	0.7	112.0	1.3	0.448275862	>=160
10	4	0.4	1.0	160.0	1.0	160.0	3.0	3.0	>=160
2	2	1.0	1.0	160.0	0.0	0.0	1.6	1.6	>=160
10	1	0.1	1.0	160.0	1.0	160.0	0.3	0.3	>=160
8	5	0.625	3.8	608.0	1.2	192.0	3.6	0.947368421	>=160
5	4	0.8	4.0	640.0	1.7	272.0	2.0	0.5	>=160
1000	17	0.017	1.7	272.0	1.7	272.0	17.0	10.0	>=160
10	9	0.9	7.9	1264.0	0.0	0.0	4.8	0.607594937	>=160
4	4	1.0	11.0	1650.0	0.0	0.0	10.6	0.9636363640000001	>=143.1AND<160
0	0	0.0	0.3	48.0	0.3	48.0	0.0	0.0	>=160
1	1	1.0	6.6	1056.0	0.6	96.0	9.9	1.5	>=160
1	1	1.0	1.1	176.0	0.1	16.0	11.0	10.0	>=160
3	3	1.0	0.5	80.0	0.5	80.0	17.6	35.2	>=160
10	6	0.6	6.0	960.0	0.0	0.0	1.7	0.283333333	>=160
5	3	0.6	0.1	16.0	0.1	16.0	2.5	25.0	>=160
5	3	0.6	0.1	16.0	0.1	16.0	1.7	17.0	>=160
5	3	0.6	0.2	32.0	0.2	32.0	2.6	13.0	>=160
5	3	0.6	0.1	16.0	0.1	16.0	2.5	25.0	>=160
5	3	0.6	0.1	16.0	0.1	16.0	2.1	21.0	>=160
11	3	0.272727	0.1	16.0	0.1	16.0	10.5	105.0	>=160
5	5	1.0	4.9	784.0	1.2	192.0	5.4	1.102040816	>=160
0	0	0.0	1.4	224.0	1.4	224.0	0.4	0.28571428600000004	>=160
4	3	0.75	4.0	640.0	1.1	176.0	2.2	0.55	>=160
3	3	1.0	0.4	64.0	0.4	64.0	4.1	10.25	>=160
10	5	0.5	1.2	192.0	0.1	16.0	3.6	3.0	>=160
10	6	0.6	4.0	630.4	2.8	438.4	6.3	1.575	>=143.1AND<160
10	3	0.3	3.1	496.0	0.6	96.0	3.4	1.096774194	>=160
4	2	0.5	0.4	64.0	0.4	64.0	1.5	3.75	>=160
2	2	1.0	2.0	320.0	0.7	112.0	1.6	0.8	>=160
1	1	1.0	7.0	1120.0	0.0	0.0	9.9	1.414285714	>=160
5	3	0.6	3.0	480.0	0.0	0.0	2.0	0.666666667	>=160
4	4	1.0	1.0	160.0	1.0	160.0	6.1	6.1	>=160
2	1	0.5	1.0	160.0	1.0	160.0	1.4	1.4	>=160
2	2	1.0	2.1	304.0	0.1	16.0	1.4	0.666666667	>=143.1AND<160
10	2	0.2	1.0	160.0	1.0	160.0	3.4	3.4	>=160
10	3	0.3	1.0	160.0	0.0	0.0	8.9	8.9	>=160
5	5	1.0	3.6	576.0	2.3	368.0	6.4	1.7777777780000001	>=160
10	6	0.6	1.2	192.0	1.2	192.0	10.5	8.75	>=160
5	5	1.0	5.0	800.0	0.0	0.0	2.9	0.58	>=160
4	4	1.0	4.0	640.0	0.7	112.0	1.9	0.475	>=160
3	3	1.0	1.0	160.0	0.0	0.0	2.4	2.4	>=160
3	3	1.0	5.8	928.0	1.6	256.0	3.3	0.568965517	>=160
6	6	1.0	0.5	80.0	0.5	80.0	9.4	18.8	>=160
10	3	0.3	1.0	144.0	0.0	0.0	4.0	4.0	>=143.1AND<160
2	2	1.0	1.6	256.0	0.5	80.0	1.0	0.625	>=160
6	6	1.0	6.7	1072.0	1.2	192.0	7.5	1.119402985	>=160
2	1	0.5	0.7	112.0	0.7	112.0	1.3	1.857142857	>=160
1	1	1.0	0.7	112.0	0.7	112.0	1.3	1.857142857	>=160
0	0	0.0	0.4	64.0	0.4	64.0	0.3	0.75	>=160
0	0	0.0	1.0	160.0	0.0	0.0	1.6	1.6	>=160
0	0	0.0	0.7	115.5	0.7	115.5	0.4	0.571428571	>=160
0	0	0.0	0.3	48.0	0.3	48.0	1.1	3.666666667	>=160
0	0	0.0	0.4	66.0	0.4	66.0	0.8	2.0	>=160
1	1	1.0	0.7	115.5	0.7	115.5	1.3	1.857142857	>=160
2	2	1.0	2.0	320.0	0.0	0.0	2.3	1.15	>=160
1	1	1.0	0.6	96.0	0.6	96.0	0.9	1.5	>=160
0	0	0.0	0.5	82.5	0.5	82.5	2.0	4.0	>=160
3	3	1.0	3.0	456.0	0.0	0.0	3.0	1.0	>=143.1AND<160
0	0	0.0	0.8	131.18	0.8	131.18	1.1	1.375	>=160
3	3	1.0	0.6	96.0	0.6	96.0	2.2	3.666666667	>=160
2	2	1.0	0.9	148.5	0.9	148.5	4.6	5.1111111110000005	>=160
3	3	1.0	0.7	112.0	0.7	112.0	17.4	24.85714286	>=160
4	4	1.0	3.1	496.0	1.0	160.0	4.7	1.5161290319999998	>=160
2	2	1.0	2.5	392.0	1.2	192.0	1.8	0.72	>=143.1AND<160
10	10	1.0	10.4	1664.0	1.6	256.0	19.6	1.884615385	>=160
15	15	1.0	4.0	640.0	0.4	64.0	28.0	7.0	>=160
2	2	1.0	2.0	320.0	0.0	0.0	10.1	5.05	>=160
2	2	1.0	1.0	152.0	0.0	0.0	15.0	15.0	>=143.1AND<160
0	0	0.0	0.8	132.0	0.8	132.0	0.7	0.875	>=160
10	4	0.4	7.1	1136.0	0.0	0.0	6.0	0.845070423	>=160
1	1	1.0	0.7	112.0	0.7	112.0	8.0	11.42857143	>=160
3	2	0.666666	1.5	240.0	1.5	240.0	4.5	3.0	>=160
5	2	0.4	2.0	320.0	0.0	0.0	2.3	1.15	>=160
5	1	0.2	4.0	640.0	2.0	320.0	5.5	1.375	>=160
6	1	0.166666	0.2	32.0	0.2	32.0	1.8	9.0	>=160
20	17	0.85	3.3	528.0	0.0	0.0	14.0	4.242424242	>=160
10	4	0.4	5.0	800.0	0.2	32.0	5.6	1.12	>=160
4	4	1.0	2.8	448.0	0.8	128.0	5.3	1.892857143	>=160
5	1	0.2	0.2	32.0	0.2	32.0	57.1	285.5	>=160
1	1	1.0	1.0	160.0	0.0	0.0	1.3	1.3	>=160
3	1	0.333333	0.6	96.0	0.6	96.0	2.0	3.333333333	>=160
5	1	0.2	0.1	16.0	0.1	16.0	0.4	4.0	>=160
1	1	1.0	0.2	32.0	0.2	32.0	5.3	26.5	>=160
2	2	1.0	1.1	176.0	1.1	176.0	1.3	1.181818182	>=160
9	7	0.777777	4.4	704.0	2.4	384.0	6.4	1.454545455	>=160
1	1	1.0	2.0	320.0	0.0	0.0	2.0	1.0	>=160
10	4	0.4	1.2	192.0	1.2	192.0	4.6	3.833333333	>=160
2	2	1.0	2.3	368.0	1.1	176.0	1.1	0.47826087	>=160
1	1	1.0	0.4	64.0	0.4	64.0	1.0	2.5	>=160
0	0	0.0	0.4	64.0	0.4	64.0	2.3	5.75	>=160
4	2	0.5	0.5	80.0	0.5	80.0	3.3	6.6	>=160
8	2	0.25	3.1	496.0	0.8	128.0	2.2	0.709677419	>=160
6	1	0.166666	1.0	160.0	0.0	0.0	0.6	0.6	>=160
8	2	0.25	2.0	288.0	0.0	0.0	1.9	0.95	>=143.1AND<160
14	14	1.0	7.9	1264.0	0.2	32.0	9.2	1.164556962	>=160
3	3	1.0	3.0	480.0	0.9	144.0	4.2	1.4	>=160
3	3	1.0	3.5	560.0	0.2	32.0	2.2	0.628571429	>=160
7	7	1.0	3.0	480.0	0.0	0.0	13.9	4.633333333	>=160
5	3	0.6	4.0	640.0	0.0	0.0	1.6	0.4	>=160
2	2	1.0	0.4	64.0	0.4	64.0	3.4	8.5	>=160
0	0	0.0	1.0	160.0	0.0	0.0	0.1	0.1	>=160
2	2	1.0	1.0	160.0	0.0	0.0	6.7	6.7	>=160
15	2	0.13333299999999998	2.0	320.0	1.0	160.0	0.5	0.25	>=160
7	3	0.428571	3.0	480.0	2.0	320.0	3.6	1.2	>=160
0	0	0.0	1.3	208.0	0.3	48.0	0.3	0.23076923100000002	>=160
0	0	0.0	0.6	96.0	0.6	96.0	2.2	3.666666667	>=160
5	1	0.2	1.0	160.0	0.0	0.0	0.9	0.9	>=160
0	0	0.0	0.2	32.0	0.2	32.0	5.5	27.5	>=160
0	0	0.0	0.2	32.0	0.2	32.0	1.9	9.5	>=160
1	1	1.0	0.6	96.0	0.6	96.0	0.6	1.0	>=160
1	1	1.0	2.0	320.0	0.0	0.0	0.6	0.3	>=160
1	1	1.0	0.6	96.0	0.6	96.0	1.4	2.333333333	>=160
1	1	1.0	3.2	512.0	1.0	160.0	3.0	0.9375	>=160
2	2	1.0	2.7	432.0	0.3	48.0	1.7	0.62962963	>=160
2	2	1.0	2.9	464.0	0.8	128.0	4.9	1.689655172	>=160
2	2	1.0	1.8	288.0	1.8	288.0	2.3	1.277777778	>=160
1	1	1.0	0.6	96.0	0.6	96.0	5.0	8.333333332999999	>=160
2	2	1.0	2.0	320.0	0.0	0.0	2.3	1.15	>=160
2	2	1.0	2.2	352.0	0.2	32.0	3.7	1.6818181819999998	>=160
1	1	1.0	0.8	128.0	0.8	128.0	6.7	8.375	>=160
2	2	1.0	1.6	256.0	0.6	96.0	3.9	2.4375	>=160
2	2	1.0	2.0	320.0	0.0	0.0	3.4	1.7	>=160
1	1	1.0	0.3	48.0	0.3	48.0	2.4	8.0	>=160
1	1	1.0	0.3	48.0	0.3	48.0	1.5	5.0	>=160
2	2	1.0	1.1	176.0	1.1	176.0	2.8	2.545454545	>=160
1	1	1.0	0.6	96.0	0.6	96.0	1.2	2.0	>=160
1	1	1.0	0.7	112.0	0.7	112.0	1.3	1.857142857	>=160
2	2	1.0	2.7	432.0	0.7	112.0	1.9	0.703703704	>=160
1	1	1.0	0.3	48.0	0.3	48.0	1.4	4.666666667	>=160
5	3	0.6	3.0	480.0	0.0	0.0	25.0	8.333333332999999	>=160
1	1	1.0	1.4	224.0	0.3	48.0	1.9	1.357142857	>=160
0	0	0.0	0.5	80.0	0.5	80.0	0.1	0.2	>=160
0	0	0.0	0.9	144.0	0.9	144.0	0.4	0.444444444	>=160
2	1	0.5	0.4	64.0	0.4	64.0	4.4	11.0	>=160
7	1	0.14285699999999998	0.5	80.0	0.5	80.0	1.7	3.4	>=160
5	5	1.0	1.2	180.0	0.2	30.0	4.7	3.916666667	>=143.1AND<160
5	2	0.4	2.0	320.0	0.7	112.0	2.7	1.35	>=160
1	1	1.0	13.3	2128.0	0.3	48.0	4.1	0.308270677	>=160
1	1	1.0	1.3	208.0	1.3	208.0	2.7	2.076923077	>=160
3	1	0.333333	0.1	16.0	0.1	16.0	5.8	58.0	>=160
2	2	1.0	1.3	208.0	1.3	208.0	2.5	1.9230769230000002	>=160
1	1	1.0	0.3	48.0	0.3	48.0	2.0	6.666666667	>=160
1	1	1.0	0.1	16.0	0.1	16.0	9.3	93.0	>=160
1	1	1.0	1.0	160.0	0.0	0.0	0.6	0.6	>=160
5	1	0.2	2.4	384.0	2.4	384.0	6.2	2.583333333	>=160
4	2	0.5	0.3	48.0	0.3	48.0	5.4	18.0	>=160
5	2	0.4	1.4	224.0	0.3	48.0	12.3	8.785714286000001	>=160
0	0	0.0	0.5	80.0	0.5	80.0	0.1	0.2	>=160
0	0	0.0	0.4	64.0	0.4	64.0	1.7	4.25	>=160
3	1	0.333333	0.6	96.0	0.6	96.0	11.4	19.0	>=160
3	3	1.0	4.0	640.0	0.0	0.0	2.4	0.6	>=160
2	2	1.0	4.5	720.0	1.4	224.0	0.8	0.177777778	>=160
1	1	1.0	1.1	176.0	1.1	176.0	0.7	0.636363636	>=160
10	1	0.1	0.6	96.0	0.6	96.0	1.0	1.6666666669999999	>=160
3	1	0.333333	0.4	64.0	0.4	64.0	6.9	17.25	>=160
0	0	0.0	0.7	112.0	0.7	112.0	3.3	4.714285714	>=160
5	1	0.2	2.0	320.0	0.0	0.0	0.6	0.3	>=160
0	0	0.0	1.1	176.0	0.1	16.0	0.6	0.545454545	>=160
5	4	0.8	2.0	320.0	0.0	0.0	4.7	2.35	>=160
5	5	1.0	3.0	480.0	0.0	0.0	31.4	10.46666667	>=160
4	4	1.0	1.1	176.0	0.0	0.0	6.3	5.727272727000001	>=160
10	4	0.4	3.0	480.0	0.0	0.0	1.7	0.566666667	>=160
5	5	1.0	3.6	576.0	0.9	144.0	3.1	0.8611111109999999	>=160
15	15	1.0	14.1	2256.0	0.0	0.0	5.8	0.41134751799999997	>=160
5	5	1.0	5.0	800.0	0.2	32.0	2.2	0.44	>=160
2	2	1.0	0.1	16.0	0.1	16.0	3.7	37.0	>=160
5	5	1.0	9.0	1440.0	1.3	208.0	3.1	0.34444444399999996	>=160
9	9	1.0	9.0	1440.0	0.0	0.0	7.1	0.7888888890000001	>=160
7	7	1.0	3.0	480.0	0.0	0.0	9.6	3.2	>=160
7	7	1.0	7.0	1120.0	0.6	96.0	5.4	0.771428571	>=160
1	1	1.0	1.0	160.0	0.0	0.0	0.9	0.9	>=160
6	6	1.0	6.0	960.0	0.7	112.0	3.4	0.566666667	>=160
10	5	0.5	4.0	640.0	0.0	0.0	7.4	1.85	>=160
3	3	1.0	2.7	432.0	2.7	432.0	2.9	1.074074074	>=160
5	3	0.6	3.0	480.0	0.0	0.0	5.7	1.9	>=160
6	6	1.0	8.4	1344.0	1.6	256.0	2.7	0.321428571	>=160
4	4	1.0	6.0	960.0	1.4	224.0	2.2	0.36666666700000006	>=160
5	3	0.6	3.0	480.0	0.0	0.0	4.3	1.4333333330000002	>=160
6	6	1.0	3.7	592.0	1.7	272.0	7.5	2.027027027	>=160
3	3	1.0	1.0	160.0	0.0	0.0	5.0	5.0	>=160
10	7	0.7	6.2	992.0	0.2	32.0	3.4	0.548387097	>=160
5	5	1.0	6.5	1040.0	0.2	32.0	5.0	0.7692307690000001	>=160
1	1	1.0	1.0	160.0	1.0	160.0	0.3	0.3	>=160
3	3	1.0	3.0	480.0	0.6	96.0	1.0	0.333333333	>=160
5	5	1.0	2.1	336.0	2.1	336.0	3.6	1.714285714	>=160
7	7	1.0	7.8	1248.0	2.4	384.0	6.1	0.7820512820000001	>=160
10	5	0.5	6.0	960.0	0.0	0.0	3.9	0.65	>=160
3	3	1.0	2.9	464.0	1.9	304.0	3.8	1.310344828	>=160
3	3	1.0	1.7	272.0	1.7	272.0	2.0	1.176470588	>=160
10	5	0.5	2.7	432.0	0.5	80.0	5.3	1.962962963	>=160
2	2	1.0	2.0	320.0	0.0	0.0	2.1	1.05	>=160
6	6	1.0	7.5	1200.0	0.9	144.0	6.6	0.88	>=160
5	1	0.2	0.2	32.0	0.2	32.0	0.8	4.0	>=160
7	5	0.7142850000000001	3.3	528.0	1.9	304.0	5.0	1.515151515	>=160
20	18	0.9	12.0	1920.0	0.2	32.0	27.5	2.291666667	>=160
13	9	0.692307	1.2	192.0	0.0	0.0	7.7	6.416666667	>=160
10	6	0.6	7.0	1120.0	0.0	0.0	5.6	0.8	>=160
4	4	1.0	8.0	1200.0	0.0	0.0	14.1	1.7625	>=143.1AND<160
10	1	0.1	0.3	48.0	0.3	48.0	0.8	2.666666667	>=160
1	1	1.0	0.4	64.0	0.4	64.0	16.9	42.25	>=160
1	1	1.0	0.3	48.0	0.3	48.0	8.1	27.0	>=160
1	1	1.0	0.2	32.0	0.2	32.0	12.0	60.0	>=160
3	3	1.0	1.3	208.0	0.3	48.0	19.9	15.30769231	>=160
0	0	0.0	0.5	80.0	0.5	80.0	2.9	5.8	>=160
3	3	1.0	1.0	160.0	1.0	160.0	4.2	4.2	>=160
0	0	0.0	2.6	416.0	0.6	96.0	2.1	0.807692308	>=160
0	0	0.0	0.4	66.0	0.4	66.0	2.8	7.0	>=160
0	0	0.0	0.6	96.0	0.6	96.0	2.7	4.5	>=160
0	0	0.0	0.5	80.0	0.5	80.0	2.7	5.4	>=160
0	0	0.0	0.7	112.0	0.7	112.0	2.5	3.571428571	>=160
0	0	0.0	0.7	112.0	0.7	112.0	2.4	3.428571429	>=160
0	0	0.0	0.1	16.0	0.1	16.0	2.9	29.0	>=160
0	0	0.0	0.8	128.0	0.8	128.0	10.5	13.125	>=160
8	8	1.0	2.9	464.0	1.8	288.0	6.3	2.172413793	>=160
5	4	0.8	1.0	160.0	1.0	160.0	3.3	3.3	>=160
7	7	1.0	1.0	160.0	1.0	160.0	9.0	9.0	>=160
5	5	1.0	4.2	672.0	0.8	128.0	5.7	1.357142857	>=160
410	9	0.021951	3.5	560.0	0.2	32.0	9.6	2.742857143	>=160
16	10	0.625	4.6	702.4	1.6	254.4	10.5	2.282608696	>=143.1AND<160
10	7	0.7	4.5	720.0	2.0	320.0	6.0	1.333333333	>=160
4	3	0.75	2.5	400.0	1.4	224.0	2.6	1.04	>=160
4	3	0.75	2.0	320.0	0.9	144.0	2.5	1.25	>=160
1	1	1.0	1.0	160.0	0.0	0.0	4.9	4.9	>=160
20	5	0.25	2.3	368.0	0.0	0.0	3.6	1.565217391	>=160
5	5	1.0	7.0	1024.0	0.0	0.0	7.3	1.042857143	>=143.1AND<160
6000	3	0.0005	0.7	112.0	0.7	112.0	3.4	4.8571428569999995	>=160
3	3	1.0	1.5	240.0	0.0	0.0	3.0	2.0	>=160
10	3	0.3	1.8	288.0	0.8	128.0	4.4	2.444444444	>=160
10	7	0.7	1.0	160.0	0.0	0.0	13.4	13.4	>=160
10	10	1.0	4.4	704.0	1.0	160.0	9.7	2.204545455	>=160
50	11	0.22	10.8	1728.0	0.0	0.0	7.9	0.731481481	>=160
7	7	1.0	2.8	448.0	2.8	448.0	7.4	2.642857143	>=160
11	11	1.0	5.3	848.0	0.0	0.0	17.7	3.3396226419999997	>=160
0	0	0.0	2.0	304.0	0.0	0.0	3.1	1.55	>=143.1AND<160
9	9	1.0	3.7	592.0	1.4	224.0	13.9	3.756756757	>=160
2	2	1.0	1.2	192.0	1.2	192.0	1.9	1.5833333330000001	>=160
11	11	1.0	3.6	576.0	0.5	80.0	12.1	3.361111111	>=160
1	1	1.0	0.5	80.0	0.5	80.0	1.7	3.4	>=160
1	1	1.0	1.4	224.0	1.4	224.0	1.1	0.7857142859999999	>=160
0	0	0.0	0.2	32.0	0.2	32.0	0.0	0.0	>=160
10	1	0.1	0.9	148.5	0.9	148.5	0.9	1.0	>=160
10	1	0.1	0.8	132.0	0.8	132.0	0.6	0.75	>=160
10	1	0.1	0.1	16.5	0.1	16.5	0.8	8.0	>=160
10	1	0.1	0.8	132.0	0.8	132.0	1.1	1.375	>=160
10	2	0.2	0.5	80.0	0.5	80.0	3.8	7.6	>=160
10	2	0.2	0.2	33.0	0.2	33.0	3.0	15.0	>=160
10	1	0.1	2.0	320.0	0.9	144.0	0.5	0.25	>=160
10	2	0.2	1.0	160.0	0.0	0.0	4.9	4.9	>=160
10	1	0.1	2.5	400.0	0.0	0.0	3.2	1.28	>=160
10	1	0.1	1.0	165.0	1.0	165.0	2.8	2.8	>=160
10	5	0.5	4.0	640.0	0.0	0.0	6.9	1.725	>=160
10	2	0.2	0.2	33.0	0.2	33.0	2.4	12.0	>=160
10	4	0.4	3.9	624.0	1.4	224.0	3.9	1.0	>=160
10	2	0.2	1.3	214.5	1.3	214.5	5.1	3.923076923	>=160
10	4	0.4	3.3	528.0	1.4	224.0	18.5	5.606060606000001	>=160
10	8	0.8	4.9	784.0	0.9	144.0	4.6	0.93877551	>=160
10	3	0.3	2.8	448.0	0.8	128.0	1.9	0.6785714290000001	>=160
20	16	0.8	2.8	448.0	1.1	176.0	23.4	8.357142857000001	>=160
25	22	0.88	0.5	80.0	0.5	80.0	38.6	77.2	>=160
10	3	0.3	0.4	64.0	0.4	64.0	11.2	28.0	>=160
10	3	0.3	3.0	480.0	0.2	32.0	16.1	5.366666667	>=160
10	2	0.2	0.8	132.0	0.8	132.0	1.3	1.625	>=160
4	1	0.25	8.1	1296.0	0.5	80.0	3.7	0.456790123	>=160
3	2	0.666666	4.9	784.0	0.8	128.0	3.2	0.653061224	>=160
3	3	1.0	2.0	290.0	0.0	0.0	2.7	1.35	>=143.1AND<160
3	1	0.333333	11.7	1872.0	0.0	0.0	8.6	0.735042735	>=160
5	1	0.2	4.1	656.0	2.6	416.0	2.2	0.5365853660000001	>=160
2	1	0.5	0.9	144.0	0.9	144.0	2.0	2.222222222	>=160
50	27	0.54	13.7	2192.0	0.0	0.0	23.7	1.729927007	>=160
10	8	0.8	3.7	592.0	0.7	112.0	7.2	1.945945946	>=160
6	6	1.0	2.6	416.0	1.4	224.0	8.1	3.115384615	>=160
5	2	0.4	2.3	368.0	0.6	96.0	56.8	24.69565217	>=160
3	1	0.333333	0.4	64.0	0.4	64.0	3.2	8.0	>=160
20	2	0.1	0.9	144.0	0.9	144.0	1.3	1.4444444440000002	>=160
0	0	0.0	0.1	16.0	0.1	16.0	5.8	58.0	>=160
3	3	1.0	2.7	432.0	1.6	256.0	1.9	0.703703704	>=160
14	12	0.857142	10.4	1664.0	0.8	128.0	9.8	0.942307692	>=160
10	8	0.8	5.6	896.0	1.2	192.0	7.6	1.357142857	>=160
3	3	1.0	0.3	48.0	0.3	48.0	2.1	7.0	>=160
0	0	0.0	0.4	64.0	0.4	64.0	1.0	2.5	>=160
0	0	0.0	0.6	96.0	0.6	96.0	2.1	3.5	>=160
4	2	0.5	1.5	240.0	0.2	32.0	4.3	2.866666667	>=160
10	3	0.3	1.2	192.0	1.2	192.0	2.7	2.25	>=160
3	1	0.333333	2.0	320.0	1.0	160.0	0.3	0.15	>=160
7	3	0.428571	1.0	144.0	0.0	0.0	3.0	3.0	>=143.1AND<160
21	21	1.0	6.1	976.0	0.0	0.0	18.0	2.9508196719999997	>=160
4	4	1.0	4.7	752.0	0.9	144.0	3.2	0.6808510640000001	>=160
6	6	1.0	7.8	1248.0	1.5	240.0	2.2	0.282051282	>=160
5	5	1.0	5.7	912.0	1.3	208.0	5.7	1.0	>=160
10	7	0.7	10.0	1600.0	0.0	0.0	7.9	0.79	>=160
3	3	1.0	1.0	160.0	0.0	0.0	9.1	9.1	>=160
10	3	0.3	3.0	480.0	0.0	0.0	0.9	0.3	>=160
8	8	1.0	2.7	432.0	0.4	64.0	7.9	2.925925926	>=160
1	1	1.0	0.3	48.0	0.3	48.0	2.4	8.0	>=160
2	1	0.5	0.5	80.0	0.5	80.0	1.2	2.4	>=160
1	1	1.0	5.1	766.0	0.1	16.0	9.2	1.8039215690000001	>=143.1AND<160
1	1	1.0	0.2	31.2	0.2	31.2	2.1	10.5	>=143.1AND<160
0	0	0.0	13.3	2128.0	0.3	48.0	3.7	0.27819548899999996	>=160
3	1	0.333333	1.0	160.0	1.0	160.0	0.7	0.7	>=160
1	1	1.0	0.4	64.0	0.4	64.0	1.8	4.5	>=160
2	2	1.0	1.4	224.0	0.3	48.0	0.8	0.571428571	>=160
2	2	1.0	1.0	160.0	1.0	160.0	1.9	1.9	>=160
2	2	1.0	2.8	448.0	0.6	96.0	4.3	1.535714286	>=160
2	2	1.0	1.6	256.0	1.6	256.0	2.0	1.25	>=160
1	1	1.0	0.4	64.0	0.4	64.0	5.5	13.75	>=160
2	2	1.0	4.0	640.0	0.0	0.0	1.4	0.35	>=160
2	2	1.0	1.9	304.0	0.6	96.0	2.0	1.052631579	>=160
2	2	1.0	0.1	16.0	0.1	16.0	4.2	42.0	>=160
2	2	1.0	2.3	368.0	0.3	48.0	5.2	2.260869565	>=160
4	4	1.0	1.0	160.0	1.0	160.0	7.0	7.0	>=160
2	2	1.0	5.0	800.0	0.0	0.0	9.3	1.86	>=160
2	2	1.0	0.4	64.0	0.4	64.0	3.5	8.75	>=160
1	1	1.0	1.7	272.0	0.7	112.0	1.4	0.8235294120000001	>=160
4	4	1.0	2.9	464.0	0.8	128.0	4.3	1.4827586209999999	>=160
2	2	1.0	0.6	96.0	0.6	96.0	1.6	2.666666667	>=160
2	2	1.0	0.3	48.0	0.3	48.0	2.3	7.666666667	>=160
2	2	1.0	2.7	432.0	0.1	16.0	2.4	0.8888888890000001	>=160
1	1	1.0	1.6	256.0	0.5	80.0	1.3	0.8125	>=160
1	1	1.0	1.0	160.0	0.0	0.0	5.7	5.7	>=160
4	4	1.0	10.0	1600.0	0.0	0.0	19.1	1.91	>=160
1	1	1.0	1.6	256.0	1.6	256.0	1.4	0.875	>=160
0	0	0.0	0.4	64.0	0.4	64.0	4.3	10.75	>=160
8	1	0.125	2.2	352.0	2.2	352.0	1.0	0.454545455	>=160
50	6	0.12	6.0	960.0	0.9	144.0	6.5	1.083333333	>=160
10	9	0.9	4.6	690.0	1.9	285.0	8.4	1.8260869569999998	>=143.1AND<160
10	3	0.3	2.0	320.0	0.5	80.0	2.3	1.15	>=160
1	1	1.0	1.7	272.0	0.5	80.0	3.5	2.058823529	>=160
1	1	1.0	7.0	1120.0	0.0	0.0	2.1	0.3	>=160
1	1	1.0	1.0	160.0	1.0	160.0	2.4	2.4	>=160
3	1	0.333333	4.7	752.0	0.7	112.0	5.2	1.1063829790000002	>=160
2	2	1.0	3.1	496.0	0.0	0.0	1.9	0.612903226	>=160
2	2	1.0	0.1	16.0	0.1	16.0	3.5	35.0	>=160
2	2	1.0	0.4	64.0	0.4	64.0	9.9	24.75	>=160
2	2	1.0	1.0	160.0	0.0	0.0	1.3	1.3	>=160
1	1	1.0	2.5	400.0	0.5	80.0	1.9	0.76	>=160
5	2	0.4	0.8	128.0	0.8	128.0	6.5	8.125	>=160
3	3	1.0	1.3	208.0	0.3	48.0	7.0	5.384615385	>=160
5	3	0.6	1.1	176.0	0.1	16.0	14.5	13.18181818	>=160
10	8	0.8	1.9	304.0	0.5	80.0	9.0	4.736842105	>=160
5	1	0.2	1.2	192.0	1.2	192.0	11.3	9.416666667000001	>=160
8	8	1.0	1.0	160.0	1.0	160.0	5.8	5.8	>=160
2	2	1.0	0.5	80.0	0.5	80.0	1.1	2.2	>=160
0	0	0.0	0.4	64.0	0.4	64.0	1.0	2.5	>=160
1	1	1.0	0.1	16.0	0.1	16.0	1.1	11.0	>=160
2	1	0.5	1.3	208.0	0.1	16.0	1.2	0.923076923	>=160
0	0	0.0	1.0	160.0	0.0	0.0	0.6	0.6	>=160
2	1	0.5	0.2	32.0	0.2	32.0	7.7	38.5	>=160
0	0	0.0	3.0	480.0	0.6	96.0	2.2	0.7333333329999999	>=160
1	1	1.0	1.0	160.0	0.0	0.0	2.0	2.0	>=160
2	1	0.5	1.3	208.0	1.3	208.0	0.5	0.384615385	>=160
9	9	1.0	7.0	1120.0	0.0	0.0	8.1	1.157142857	>=160
9	9	1.0	1.3	208.0	0.3	48.0	36.7	28.23076923	>=160
8	8	1.0	3.9	624.0	0.3	48.0	9.4	2.41025641	>=160
8	8	1.0	4.0	640.0	0.0	0.0	5.1	1.275	>=160
9	9	1.0	5.0	800.0	2.7	432.0	6.9	1.38	>=160
22	22	1.0	5.3	848.0	2.5	400.0	17.6	3.320754717	>=160
9	9	1.0	5.2	832.0	1.0	160.0	5.8	1.115384615	>=160
3	3	1.0	0.9	144.0	0.9	144.0	6.3	7.0	>=160
9	9	1.0	9.0	1440.0	1.0	160.0	3.1	0.34444444399999996	>=160
16	16	1.0	8.7	1392.0	0.0	0.0	14.6	1.67816092	>=160
3	3	1.0	4.8	768.0	0.4	64.0	1.8	0.375	>=160
12	12	1.0	6.0	960.0	0.0	0.0	15.6	2.6	>=160
12	12	1.0	16.0	2560.0	0.1	16.0	4.6	0.2875	>=160
9	9	1.0	5.7	912.0	0.7	112.0	4.6	0.807017544	>=160
10	9	0.9	2.0	320.0	0.0	0.0	12.9	6.45	>=160
7	7	1.0	2.2	352.0	1.2	192.0	6.7	3.045454545	>=160
10	1	0.1	1.0	160.0	0.0	0.0	1.1	1.1	>=160
10	10	1.0	5.1	816.0	1.1	176.0	7.5	1.470588235	>=160
8	8	1.0	2.7	432.0	2.7	432.0	5.9	2.185185185	>=160
10	7	0.7	1.3	208.0	0.2	32.0	8.5	6.538461538	>=160
11	11	1.0	9.8	1568.0	1.4	224.0	10.0	1.020408163	>=160
10	10	1.0	5.7	912.0	1.5	240.0	6.9	1.210526316	>=160
9	9	1.0	7.6	1216.0	0.7	112.0	8.4	1.105263158	>=160
1	1	1.0	1.0	160.0	1.0	160.0	0.3	0.3	>=160
4	4	1.0	4.0	640.0	0.0	0.0	1.5	0.375	>=160
9	9	1.0	8.9	1424.0	0.8	128.0	6.4	0.719101124	>=160
11	11	1.0	7.5	1200.0	1.3	208.0	8.1	1.08	>=160
10	9	0.9	3.0	480.0	0.0	0.0	10.0	3.333333333	>=160
7	7	1.0	2.5	400.0	1.1	176.0	7.6	3.04	>=160
7	7	1.0	2.6	416.0	2.6	416.0	5.8	2.230769231	>=160
8	8	1.0	1.1	176.0	1.1	176.0	11.6	10.54545455	>=160
3	3	1.0	1.0	160.0	0.0	0.0	3.1	3.1	>=160
10	10	1.0	6.2	992.0	2.3	368.0	9.3	1.5	>=160
5	2	0.4	0.8	128.0	0.8	128.0	1.5	1.875	>=160
10	9	0.9	3.9	624.0	0.7	112.0	7.1	1.820512821	>=160
9	8	0.8888879999999999	4.0	640.0	1.1	176.0	6.6	1.65	>=160
50	27	0.54	4.2	672.0	2.9	464.0	38.0	9.047619048	>=160
17	16	0.941176	6.0	960.0	1.4	224.0	16.8	2.8	>=160
20	11	0.55	5.0	800.0	2.1	336.0	10.7	2.14	>=160
7	7	1.0	8.0	1200.0	0.0	0.0	10.0	1.25	>=143.1AND<160
10	1	0.1	0.7	112.0	0.7	112.0	0.8	1.142857143	>=160
1	1	1.0	19.6	3136.0	0.0	0.0	17.9	0.9132653059999999	>=160
1	1	1.0	0.4	64.0	0.4	64.0	15.5	38.75	>=160
1	1	1.0	2.0	320.0	0.0	0.0	7.2	3.6	>=160
1	1	1.0	0.2	32.0	0.2	32.0	11.8	59.0	>=160
1	1	1.0	4.0	640.0	0.0	0.0	3.7	0.925	>=160
7	7	1.0	1.3	208.0	0.3	48.0	22.3	17.15384615	>=160
15	11	0.733333	9.0	1440.0	0.0	0.0	7.9	0.877777778	>=160
7	7	1.0	0.1	16.0	0.1	16.0	7.0	70.0	>=160
7	7	1.0	1.1	176.0	1.1	176.0	7.4	6.727272727000001	>=160
7	7	1.0	0.5	80.0	0.5	80.0	7.6	15.2	>=160
10	7	0.7	1.3	208.0	1.3	208.0	5.7	4.384615385	>=160
10	7	0.7	1.4	224.0	0.4	64.0	6.9	4.928571429	>=160
10	7	0.7	1.1	181.5	1.1	181.5	5.9	5.3636363639999995	>=160
10	7	0.7	1.3	207.2	1.3	207.2	7.7	5.923076922999999	>=143.1AND<160
10	7	0.7	0.7	112.0	0.7	112.0	6.0	8.571428571	>=160
10	7	0.7	0.2	32.0	0.2	32.0	6.8	34.0	>=160
10	7	0.7	0.3	48.0	0.3	48.0	8.2	27.33333333	>=160
10	7	0.7	0.2	32.0	0.2	32.0	6.3	31.5	>=160
10	7	0.7	0.6	96.0	0.6	96.0	8.5	14.16666667	>=160
10	7	0.7	0.1	16.0	0.1	16.0	7.8	78.0	>=160
10	7	0.7	0.7	115.5	0.7	115.5	6.7	9.571428571	>=160
10	7	0.7	0.6	96.0	0.6	96.0	13.9	23.16666667	>=160
7	7	1.0	4.9	784.0	2.3	368.0	4.3	0.87755102	>=160
0	0	0.0	0.4	64.0	0.4	64.0	0.0	0.0	>=160
10	8	0.8	1.1	176.0	1.1	176.0	11.4	10.36363636	>=160
5	3	0.6	4.0	640.0	0.4	64.0	0.5	0.125	>=160
4	4	1.0	1.2	192.0	1.2	192.0	6.3	5.25	>=160
0	0	0.0	3.6	576.0	2.1	336.0	2.1	0.583333333	>=160
8	8	1.0	7.4	1184.0	1.1	176.0	12.7	1.7162162159999999	>=160
11	9	0.818181	11.7	1856.0	1.5	240.0	2.9	0.247863248	>=143.1AND<160
10	4	0.4	3.9	624.0	0.5	80.0	5.1	1.307692308	>=160
4	3	0.75	2.1	336.0	1.1	176.0	2.4	1.142857143	>=160
0	0	0.0	1.3	208.0	1.3	208.0	2.4	1.846153846	>=160
0	0	0.0	2.7	430.4	2.7	430.4	0.8	0.296296296	>=143.1AND<160
4	4	1.0	4.7	752.0	0.3	48.0	0.9	0.191489362	>=160
0	0	0.0	1.5	240.0	0.4	64.0	2.4	1.6	>=160
3	3	1.0	2.4	384.0	0.1	16.0	1.2	0.5	>=160
10	3	0.3	2.8	448.0	0.8	128.0	4.6	1.642857143	>=160
0	0	0.0	5.0	800.0	1.6	256.0	0.1	0.02	>=160
10	9	0.9	4.0	640.0	2.3	368.0	5.7	1.425	>=160
0	0	0.0	10.0	1600.0	2.1	336.0	0.0	0.0	>=160
4	4	1.0	6.5	1040.0	1.0	160.0	4.4	0.676923077	>=160
5	5	1.0	7.4	1184.0	1.3	208.0	7.6	1.027027027	>=160
10	8	0.8	4.9	784.0	3.2	512.0	17.1	3.489795918	>=160
2	2	1.0	4.1	656.0	1.4	224.0	1.2	0.292682927	>=160
10	9	0.9	4.0	640.0	1.6	256.0	19.4	4.85	>=160
4	1	0.25	0.6	96.0	0.6	96.0	2.2	3.666666667	>=160
2	1	0.5	0.5	80.0	0.5	80.0	1.2	2.4	>=160
0	0	0.0	0.4	66.0	0.4	66.0	0.1	0.25	>=160
0	0	0.0	0.5	80.0	0.5	80.0	1.6	3.2	>=160
0	0	0.0	0.6	98.18	0.6	98.18	0.5	0.833333333	>=160
0	0	0.0	0.4	66.0	0.4	66.0	0.6	1.5	>=160
0	0	0.0	1.2	198.0	1.2	198.0	0.5	0.41666666700000005	>=160
0	0	0.0	1.5	240.0	0.4	64.0	2.7	1.8	>=160
0	0	0.0	1.5	247.5	0.5	82.5	1.9	1.266666667	>=160
0	0	0.0	2.0	320.0	0.0	0.0	3.0	1.5	>=160
10	2	0.2	3.0	480.0	0.0	0.0	5.7	1.9	>=160
0	0	0.0	1.4	224.0	0.4	64.0	1.2	0.857142857	>=160
1	1	1.0	0.5	82.5	0.5	82.5	5.6	11.2	>=160
0	0	0.0	3.0	480.0	0.0	0.0	5.7	1.9	>=160
0	0	0.0	1.7	280.5	0.7	115.5	1.5	0.882352941	>=160
10	3	0.3	4.1	632.0	0.9	144.0	2.2	0.5365853660000001	>=143.1AND<160
5	2	0.4	1.3	214.5	1.3	214.5	6.0	4.615384615	>=160
10	3	0.3	3.0	480.0	2.0	320.0	21.1	7.033333333	>=160
10	6	0.6	12.1	1934.4	0.4	64.0	6.9	0.570247934	>=143.1AND<160
10	2	0.2	4.2	672.0	0.8	128.0	2.1	0.5	>=160
30	15	0.5	8.0	1280.0	2.0	320.0	18.5	2.3125	>=160
30	20	0.666666	1.7	272.0	1.7	272.0	26.3	15.47058824	>=160
10	2	0.2	1.9	304.0	1.9	304.0	15.7	8.263157895	>=160
5	2	0.4	5.0	800.0	0.4	64.0	15.8	3.16	>=160
0	0	0.0	1.2	198.0	1.2	198.0	1.5	1.25	>=160
0	0	0.0	1.0	160.0	0.0	0.0	0.0	0.0	>=160
10	6	0.6	11.0	1760.0	0.2	32.0	2.5	0.22727272699999998	>=160
1	1	1.0	1.0	152.0	0.0	0.0	0.2	0.2	>=143.1AND<160
3	2	0.666666	0.3	48.0	0.3	48.0	1.1	3.666666667	>=160
4	3	0.75	3.0	480.0	0.0	0.0	0.0	0.0	>=160
0	0	0.0	0.8	128.0	0.8	128.0	0.0	0.0	>=160
10	1	0.1	1.4	224.0	0.4	64.0	0.6	0.428571429	>=160
11	1	0.090909	0.6	96.0	0.6	96.0	1.5	2.5	>=160
50	23	0.46	11.2	1792.0	1.2	192.0	16.2	1.446428571	>=160
10	6	0.6	0.3	48.0	0.3	48.0	5.2	17.33333333	>=160
9	5	0.555555	4.3	688.0	0.8	128.0	3.3	0.76744186	>=160
5	2	0.4	0.4	64.0	0.4	64.0	56.4	141.0	>=160
2	1	0.5	2.0	320.0	0.0	0.0	0.9	0.45	>=160
0	0	0.0	0.9	144.0	0.9	144.0	7.2	8.0	>=160
5	2	0.4	0.8	128.0	0.8	128.0	2.5	3.125	>=160
2	2	1.0	1.7	272.0	1.7	272.0	1.7	1.0	>=160
80	11	0.1375	7.4	1184.0	1.9	304.0	11.1	1.5	>=160
10	2	0.2	1.0	160.0	1.0	160.0	6.1	6.1	>=160
5	5	1.0	3.8	608.0	2.2	352.0	8.2	2.157894737	>=160
2	2	1.0	0.8	128.0	0.8	128.0	4.1	5.125	>=160
2	2	1.0	1.7	272.0	0.7	112.0	1.9	1.117647059	>=160
0	0	0.0	0.2	32.0	0.2	32.0	1.6	8.0	>=160
0	0	0.0	1.5	240.0	0.3	48.0	3.1	2.066666667	>=160
0	0	0.0	0.8	128.0	0.8	128.0	2.0	2.5	>=160
19	19	1.0	40.0	6400.0	0.0	0.0	11.2	0.28	>=160
4	4	1.0	2.2	352.0	2.2	352.0	4.7	2.136363636	>=160
4	4	1.0	0.8	128.0	0.8	128.0	3.0	3.75	>=160
11	11	1.0	5.8	928.0	2.3	368.0	20.2	3.4827586210000003	>=160
50	4	0.08	6.0	900.0	0.0	0.0	1.7	0.283333333	>=143.1AND<160
4	4	1.0	3.9	624.0	1.8	288.0	3.4	0.871794872	>=160
0	0	0.0	1.0	160.0	0.0	0.0	0.0	0.0	>=160
10	5	0.5	2.0	320.0	0.9	144.0	3.1	1.55	>=160
2	2	1.0	1.0	160.0	0.0	0.0	10.0	10.0	>=160
5	3	0.6	2.0	320.0	0.0	0.0	3.4	1.7	>=160
0	0	0.0	6.8	1088.0	2.3	368.0	5.8	0.852941176	>=160
0	0	0.0	0.8	128.0	0.8	128.0	0.0	0.0	>=160
0	0	0.0	0.4	64.0	0.4	64.0	1.4	3.5	>=160
2	1	0.5	1.5	240.0	0.5	80.0	0.1	0.066666667	>=160
0	0	0.0	0.1	16.0	0.1	16.0	5.3	53.0	>=160
0	0	0.0	1.0	160.0	0.0	0.0	0.0	0.0	>=160
0	0	0.0	0.3	48.0	0.3	48.0	0.1	0.333333333	>=160
0	0	0.0	0.2	32.0	0.2	32.0	1.5	7.5	>=160
0	0	0.0	1.0	160.0	1.0	160.0	0.0	0.0	>=160
0	0	0.0	0.5	80.0	0.5	80.0	0.1	0.2	>=160
10	3	0.3	3.0	480.0	0.0	0.0	2.6	0.8666666670000001	>=160
2	2	1.0	0.6	96.0	0.6	96.0	0.7	1.166666667	>=160
2	2	1.0	2.6	416.0	0.6	96.0	3.8	1.4615384619999998	>=160
2	2	1.0	1.8	288.0	0.6	96.0	0.8	0.444444444	>=160
2	2	1.0	2.6	416.0	2.6	416.0	0.4	0.153846154	>=160
1	1	1.0	0.9	144.0	0.9	144.0	4.9	5.444444444	>=160
2	2	1.0	2.0	320.0	0.0	0.0	0.4	0.2	>=160
2	2	1.0	1.1	176.0	0.1	16.0	0.6	0.545454545	>=160
2	2	1.0	2.0	320.0	0.0	0.0	3.0	1.5	>=160
2	2	1.0	0.3	48.0	0.3	48.0	5.3	17.66666667	>=160
3	3	1.0	2.0	320.0	0.0	0.0	5.9	2.95	>=160
2	2	1.0	1.0	160.0	0.0	0.0	7.1	7.1	>=160
2	2	1.0	4.1	656.0	0.1	16.0	2.2	0.5365853660000001	>=160
2	2	1.0	0.3	48.0	0.3	48.0	4.1	13.66666667	>=160
1	1	1.0	0.4	64.0	0.4	64.0	0.4	1.0	>=160
3	3	1.0	4.4	704.0	0.2	32.0	1.4	0.318181818	>=160
2	2	1.0	0.9	144.0	0.9	144.0	1.1	1.222222222	>=160
1	1	1.0	0.5	80.0	0.5	80.0	1.5	3.0	>=160
2	2	1.0	6.8	1088.0	2.2	352.0	0.6	0.088235294	>=160
1	1	1.0	0.6	96.0	0.6	96.0	0.4	0.666666667	>=160
4	1	0.25	4.0	640.0	0.0	0.0	0.4	0.1	>=160
1	1	1.0	3.0	480.0	0.0	0.0	2.1	0.7	>=160
4	4	1.0	1.0	160.0	0.0	0.0	16.0	16.0	>=160
1	1	1.0	0.2	32.0	0.2	32.0	0.5	2.5	>=160
10	1	0.1	1.0	160.0	1.0	160.0	0.3	0.3	>=160
0	0	0.0	0.6	96.0	0.6	96.0	0.8	1.333333333	>=160
0	0	0.0	0.2	32.0	0.2	32.0	4.0	20.0	>=160
5	1	0.2	1.3	208.0	0.3	48.0	0.3	0.23076923100000002	>=160
0	0	0.0	1.0	160.0	0.0	0.0	0.0	0.0	>=160
5	5	1.0	3.7	555.0	0.6	90.0	2.4	0.648648649	>=143.1AND<160
5	3	0.6	3.0	480.0	0.7	112.0	1.2	0.4	>=160
1	1	1.0	0.7	112.0	0.7	112.0	3.1	4.428571429	>=160
1	1	1.0	0.3	48.0	0.3	48.0	0.7	2.333333333	>=160
1	1	1.0	1.0	160.0	1.0	160.0	0.0	0.0	>=160
2	1	0.5	0.2	32.0	0.2	32.0	1.8	9.0	>=160
2	2	1.0	1.0	160.0	0.0	0.0	0.6	0.6	>=160
5	1	0.2	0.5	80.0	0.5	80.0	7.6	15.2	>=160
2	2	1.0	2.0	320.0	0.9	144.0	0.0	0.0	>=160
5	2	0.4	0.4	64.0	0.4	64.0	6.5	16.25	>=160
5	3	0.6	0.1	16.0	0.1	16.0	4.7	47.0	>=160
5	3	0.6	6.0	900.0	0.0	0.0	13.3	2.2166666669999997	>=143.1AND<160
0	0	0.0	0.6	96.0	0.6	96.0	0.0	0.0	>=160
0	0	0.0	1.0	160.0	0.0	0.0	14.0	14.0	>=160
0	0	0.0	0.2	32.0	0.2	32.0	0.0	0.0	>=160
0	0	0.0	0.1	16.0	0.1	16.0	0.0	0.0	>=160
2	2	1.0	5.3	848.0	0.5	80.0	0.3	0.056603774	>=160
4	1	0.25	1.3	208.0	1.3	208.0	11.5	8.846153846	>=160
5	5	1.0	4.2	672.0	1.7	272.0	2.0	0.47619047600000003	>=160
5	2	0.4	2.2	352.0	2.2	352.0	1.3	0.590909091	>=160
0	0	0.0	1.2	192.0	0.2	32.0	0.1	0.083333333	>=160
2	1	0.5	0.2	32.0	0.2	32.0	1.3	6.5	>=160
3	1	0.333333	0.2	32.0	0.2	32.0	8.5	42.5	>=160
2	1	0.5	0.1	16.0	0.1	16.0	0.7	7.0	>=160
5	1	0.2	2.0	320.0	0.0	0.0	1.0	0.5	>=160
2	1	0.5	1.0	160.0	0.0	0.0	0.3	0.3	>=160
0	0	0.0	3.0	480.0	0.0	0.0	1.7	0.566666667	>=160
6	6	1.0	5.1	816.0	0.1	16.0	7.8	1.529411765	>=160
8	8	1.0	7.7	1232.0	0.1	16.0	39.5	5.12987013	>=160
5	5	1.0	8.0	1280.0	0.0	0.0	4.0	0.5	>=160
8	8	1.0	7.6	1216.0	1.6	256.0	7.3	0.9605263159999999	>=160
20	20	1.0	17.8	2848.0	1.8	288.0	23.3	1.308988764	>=160
8	8	1.0	11.8	1888.0	0.8	128.0	4.4	0.372881356	>=160
3	3	1.0	3.8	608.0	0.8	128.0	6.4	1.684210526	>=160
7	7	1.0	3.0	480.0	0.9	144.0	4.8	1.6	>=160
14	14	1.0	10.7	1712.0	2.9	464.0	18.8	1.757009346	>=160
2	2	1.0	0.5	80.0	0.5	80.0	1.6	3.2	>=160
11	11	1.0	11.0	1760.0	0.0	0.0	16.6	1.509090909	>=160
11	11	1.0	11.0	1760.0	0.0	0.0	3.1	0.281818182	>=160
1	1	1.0	0.7	112.0	0.7	112.0	3.6	5.1428571430000005	>=160
8	8	1.0	4.2	672.0	1.5	240.0	7.0	1.6666666669999999	>=160
10	8	0.8	1.0	160.0	0.0	0.0	19.0	19.0	>=160
5	5	1.0	2.5	400.0	2.5	400.0	9.5	3.8	>=160
12	9	0.75	11.6	1856.0	1.8	288.0	5.5	0.474137931	>=160
5	5	1.0	10.3	1648.0	0.9	144.0	2.3	0.22330097100000001	>=160
10	6	0.6	2.4	384.0	1.3	208.0	12.2	5.083333333	>=160
10	10	1.0	10.2	1632.0	1.8	288.0	11.0	1.078431373	>=160
4	4	1.0	2.0	320.0	0.0	0.0	11.3	5.65	>=160
20	10	0.5	12.4	1984.0	0.0	0.0	6.3	0.508064516	>=160
8	8	1.0	7.3	1168.0	1.3	208.0	7.4	1.01369863	>=160
1	1	1.0	1.0	160.0	0.0	0.0	0.1	0.1	>=160
3	3	1.0	3.0	480.0	1.6	256.0	1.3	0.433333333	>=160
8	8	1.0	10.0	1600.0	0.7	112.0	2.9	0.29	>=160
10	10	1.0	6.6	1056.0	0.9	144.0	12.5	1.893939394	>=160
10	7	0.7	5.6	896.0	0.2	32.0	14.1	2.517857143	>=160
5	5	1.0	3.1	496.0	3.1	496.0	10.1	3.258064516	>=160
5	5	1.0	3.8	608.0	1.7	272.0	7.7	2.026315789	>=160
10	7	0.7	7.2	1152.0	1.6	256.0	14.3	1.986111111	>=160
2	2	1.0	4.0	640.0	0.0	0.0	3.6	0.9	>=160
9	9	1.0	5.1	816.0	2.4	384.0	12.1	2.37254902	>=160
5	1	0.2	3.0	480.0	1.4	224.0	0.2	0.066666667	>=160
66	8	0.12121199999999999	1.7	272.0	1.7	272.0	6.2	3.6470588239999997	>=160
10	7	0.7	6.9	1104.0	0.8	128.0	2.7	0.39130434799999997	>=160
100	24	0.24	3.8	608.0	1.7	272.0	19.0	5.0	>=160
16	14	0.875	19.7	3152.0	0.1	16.0	6.7	0.34010152299999996	>=160
15	10	0.666666	8.3	1328.0	1.0	160.0	6.0	0.7228915659999999	>=160
6	6	1.0	7.0	1050.0	0.0	0.0	3.6	0.514285714	>=143.1AND<160
0	0	0.0	1.0	160.0	0.0	0.0	0.0	0.0	>=160
1	1	1.0	0.4	64.0	0.4	64.0	4.0	10.0	>=160
1	1	1.0	0.1	16.0	0.1	16.0	1.8	18.0	>=160
1	1	1.0	0.4	64.0	0.4	64.0	7.1	17.75	>=160
4	4	1.0	1.0	160.0	0.0	0.0	18.0	18.0	>=160
10	9	0.9	17.0	2720.0	0.0	0.0	0.0	0.0	>=160
4	4	1.0	0.2	32.0	0.2	32.0	4.2	21.0	>=160
4	4	1.0	0.5	80.0	0.5	80.0	5.9	11.8	>=160
4	4	1.0	0.2	32.0	0.2	32.0	7.1	35.5	>=160
10	4	0.4	1.6	256.0	0.5	80.0	8.6	5.375	>=160
0	0	0.0	2.1	336.0	0.4	64.0	4.4	2.095238095	>=160
4	4	1.0	1.2	192.0	1.2	192.0	13.0	10.83333333	>=160
0	0	0.0	0.4	64.0	0.4	64.0	6.8	17.0	>=160
0	0	0.0	0.4	64.0	0.4	64.0	6.8	17.0	>=160
4	4	1.0	0.7	115.5	0.7	115.5	10.5	15.0	>=160
10	4	0.4	1.2	192.0	1.2	192.0	10.9	9.083333332999999	>=160
0	0	0.0	0.3	48.0	0.3	48.0	8.7	29.0	>=160
0	0	0.0	0.5	80.0	0.5	80.0	9.7	19.4	>=160
10	4	0.4	0.2	32.0	0.2	32.0	12.3	61.5	>=160
10	4	0.4	1.1	176.0	0.1	16.0	13.1	11.90909091	>=160
10	4	0.4	0.5	80.0	0.5	80.0	12.3	24.6	>=160
0	0	0.0	1.2	183.2	0.1	16.0	9.3	7.75	>=143.1AND<160
0	0	0.0	0.4	64.0	0.4	64.0	9.6	24.0	>=160
0	0	0.0	0.8	132.0	0.8	132.0	5.7	7.125	>=160
10	4	0.4	1.3	208.0	1.3	208.0	19.1	14.69230769	>=160
0	0	0.0	10.1	1616.0	2.5	400.0	0.0	0.0	>=160
10	2	0.2	1.2	192.0	1.2	192.0	0.6	0.5	>=160
5	5	1.0	5.8	928.0	1.6	256.0	13.0	2.24137931	>=160
3	3	1.0	2.6	416.0	1.5	240.0	0.6	0.23076923100000002	>=160
4	4	1.0	0.8	128.0	0.8	128.0	9.3	11.625	>=160
5	4	0.8	2.8	448.0	2.8	448.0	2.4	0.857142857	>=160
0	0	0.0	9.9	1584.0	0.4	64.0	0.1	0.01010101	>=160
16	9	0.5625	5.5	864.0	1.3	208.0	3.1	0.563636364	>=143.1AND<160
10	4	0.4	5.3	848.0	0.5	80.0	4.9	0.924528302	>=160
4	3	0.75	4.6	736.0	0.2	32.0	2.9	0.630434783	>=160
2	2	1.0	1.7	272.0	0.7	112.0	1.5	0.882352941	>=160
20	4	0.2	1.9	304.0	0.8	128.0	2.8	1.473684211	>=160
4	4	1.0	4.3	686.4	2.1	334.4	0.0	0.0	>=143.1AND<160
11	2	0.181818	2.0	320.0	0.2	32.0	1.9	0.95	>=160
3	3	1.0	4.0	640.0	0.0	0.0	1.6	0.4	>=160
10	3	0.3	0.5	80.0	0.5	80.0	6.6	13.2	>=160
15	4	0.26666599999999996	1.0	160.0	0.0	0.0	14.4	14.4	>=160
10	7	0.7	4.8	768.0	2.7	432.0	0.7	0.145833333	>=160
10	9	0.9	14.0	2240.0	1.4	224.0	4.1	0.292857143	>=160
0	0	0.0	2.0	320.0	0.6	96.0	0.0	0.0	>=160
4	4	1.0	3.9	624.0	1.5	240.0	3.5	0.897435897	>=160
5	5	1.0	7.0	1120.0	0.0	0.0	4.6	0.6571428570000001	>=160
5	5	1.0	1.8	288.0	0.3	48.0	7.6	4.222222222	>=160
9	9	1.0	3.0	480.0	1.0	160.0	31.5	10.5	>=160
15	8	0.533333	10.1	1616.0	1.9	304.0	16.6	1.643564356	>=160
2	2	1.0	0.4	64.0	0.4	64.0	0.9	2.25	>=160
9	9	1.0	5.7	912.0	1.9	304.0	22.8	4.0	>=160
2	1	0.5	0.3	48.0	0.3	48.0	2.7	9.0	>=160
5	1	0.2	0.4	64.0	0.4	64.0	1.8	4.5	>=160
0	0	0.0	0.3	48.0	0.3	48.0	5.0	16.66666667	>=160
0	0	0.0	1.1	176.0	1.1	176.0	1.1	1.0	>=160
1	1	1.0	0.5	80.85	0.5	80.85	0.5	1.0	>=160
0	0	0.0	0.4	66.0	0.4	66.0	0.3	0.75	>=160
10	1	0.1	1.0	165.0	0.0	0.0	0.6	0.6	>=160
0	0	0.0	0.7	112.0	0.7	112.0	1.5	2.142857143	>=160
0	0	0.0	1.0	160.0	0.0	0.0	1.0	1.0	>=160
10	1	0.1	1.2	198.0	1.2	198.0	1.3	1.083333333	>=160
10	3	0.3	3.0	480.0	0.9	144.0	4.3	1.4333333330000002	>=160
5	1	0.2	0.5	80.0	0.5	80.0	0.8	1.6	>=160
0	0	0.0	2.5	412.5	0.3	49.5	3.3	1.32	>=160
10	5	0.5	1.0	160.0	1.0	160.0	8.4	8.4	>=160
0	0	0.0	0.1	16.5	0.1	16.5	1.0	10.0	>=160
10	3	0.3	3.2	512.0	1.6	256.0	3.0	0.9375	>=160
10	2	0.2	2.0	321.75	1.0	165.0	6.4	3.2	>=160
10	3	0.3	7.9	1260.8	1.6	256.0	19.4	2.455696203	>=143.1AND<160
10	5	0.5	2.8	448.0	0.8	128.0	4.0	1.428571429	>=160
30	19	0.633333	1.5	240.0	1.5	240.0	46.8	31.2	>=160
10	2	0.2	7.9	1264.0	1.0	160.0	12.9	1.6329113919999998	>=160
11	2	0.181818	2.0	320.0	0.8	128.0	14.7	7.35	>=160
0	0	0.0	1.0	165.0	1.0	165.0	0.7	0.7	>=160
10	4	0.4	4.0	630.0	1.8	288.0	0.4	0.1	>=143.1AND<160
5	2	0.4	3.7	592.0	0.0	0.0	0.5	0.135135135	>=160
3	3	1.0	3.0	480.0	0.0	0.0	0.0	0.0	>=160
2	2	1.0	7.0	1120.0	0.0	0.0	4.4	0.628571429	>=160
0	0	0.0	0.2	32.0	0.2	32.0	0.0	0.0	>=160
5	2	0.4	1.0	160.0	1.0	160.0	0.7	0.7	>=160
13	1	0.076923	0.7	112.0	0.7	112.0	1.7	2.4285714290000002	>=160
20	20	1.0	15.3	2448.0	1.6	256.0	18.7	1.222222222	>=160
10	5	0.5	10.0	1600.0	1.2	192.0	6.2	0.62	>=160
5	4	0.8	7.7	1232.0	1.2	192.0	2.1	0.272727273	>=160
5	2	0.4	0.2	32.0	0.2	32.0	58.1	290.5	>=160
3	2	0.666666	1.7	272.0	0.6	96.0	7.2	4.2352941180000006	>=160
0	0	0.0	3.2	512.0	0.7	112.0	1.6	0.5	>=160
5	1	0.2	0.8	128.0	0.8	128.0	2.5	3.125	>=160
2	2	1.0	3.2	512.0	1.1	176.0	1.4	0.4375	>=160
19	11	0.578947	7.0	1120.0	1.1	176.0	15.7	2.242857143	>=160
5	2	0.4	6.0	960.0	0.0	0.0	3.1	0.5166666670000001	>=160
7	7	1.0	5.6	896.0	1.3	208.0	9.8	1.75	>=160
0	0	0.0	4.2	672.0	0.7	112.0	2.0	0.47619047600000003	>=160
2	2	1.0	0.4	64.0	0.4	64.0	2.9	7.25	>=160
0	0	0.0	0.1	16.0	0.1	16.0	1.5	15.0	>=160
3	2	0.666666	2.1	336.0	0.0	0.0	2.6	1.2380952379999999	>=160
8	2	0.25	3.9	592.0	1.9	304.0	1.5	0.384615385	>=143.1AND<160
6	2	0.333333	3.0	432.0	0.0	0.0	2.6	0.8666666670000001	>=143.1AND<160
200	19	0.095	11.9	1904.0	0.2	32.0	12.7	1.067226891	>=160
4	4	1.0	1.6	256.0	1.6	256.0	6.8	4.25	>=160
0	0	0.0	3.2	512.0	0.9	144.0	1.9	0.59375	>=160
12	12	1.0	11.5	1840.0	0.7	112.0	22.2	1.9304347830000002	>=160
6	3	0.5	4.0	640.0	1.7	272.0	2.2	0.55	>=160
3	3	1.0	3.0	480.0	1.0	160.0	0.0	0.0	>=160
5	4	0.8	1.4	224.0	1.4	224.0	5.8	4.1428571430000005	>=160
2	2	1.0	1.0	160.0	0.0	0.0	11.3	11.3	>=160
10	5	0.5	6.0	960.0	0.5	80.0	4.4	0.7333333329999999	>=160
5	5	1.0	1.5	240.0	1.5	240.0	3.8	2.5333333330000003	>=160
0	0	0.0	1.0	160.0	0.0	0.0	0.0	0.0	>=160
0	0	0.0	0.2	32.0	0.2	32.0	0.0	0.0	>=160
0	0	0.0	0.2	32.0	0.2	32.0	1.1	5.5	>=160
5	1	0.2	1.0	160.0	0.0	0.0	0.0	0.0	>=160
0	0	0.0	0.2	32.0	0.2	32.0	6.2	31.0	>=160
0	0	0.0	0.7	112.0	0.7	112.0	0.0	0.0	>=160
0	0	0.0	1.0	160.0	1.0	160.0	0.0	0.0	>=160
5	1	0.2	0.4	64.0	0.4	64.0	0.7	1.75	>=160
2	2	1.0	0.6	96.0	0.6	96.0	1.8	3.0	>=160
2	2	1.0	3.4	544.0	1.2	192.0	13.8	4.058823529	>=160
3	3	1.0	3.0	480.0	0.2	32.0	0.4	0.133333333	>=160
1	1	1.0	2.0	320.0	0.8	128.0	0.0	0.0	>=160
1	1	1.0	0.6	96.0	0.6	96.0	5.2	8.666666667000001	>=160
2	2	1.0	2.0	320.0	0.3	48.0	0.4	0.2	>=160
2	2	1.0	1.1	176.0	1.1	176.0	1.5	1.363636364	>=160
1	1	1.0	0.2	32.0	0.2	32.0	3.5	17.5	>=160
1	1	1.0	2.3	368.0	0.2	32.0	4.8	2.086956522	>=160
2	2	1.0	1.0	160.0	0.0	0.0	8.9	8.9	>=160
2	2	1.0	5.3	848.0	2.8	448.0	3.8	0.716981132	>=160
2	2	1.0	0.9	144.0	0.9	144.0	1.5	1.6666666669999999	>=160
1	1	1.0	1.3	208.0	0.3	48.0	6.8	5.230769231	>=160
2	2	1.0	1.7	272.0	0.5	80.0	0.0	0.0	>=160
1	1	1.0	2.7	432.0	1.2	192.0	1.4	0.518518519	>=160
2	2	1.0	0.5	80.0	0.5	80.0	2.7	5.4	>=160
2	2	1.0	0.8	128.0	0.8	128.0	0.0	0.0	>=160
1	1	1.0	0.6	96.0	0.6	96.0	0.6	1.0	>=160
1	1	1.0	1.0	160.0	0.0	0.0	1.1	1.1	>=160
1	1	1.0	1.0	160.0	0.0	0.0	0.0	0.0	>=160
3	3	1.0	1.2	192.0	0.2	32.0	18.0	15.0	>=160
1	1	1.0	1.3	208.0	1.3	208.0	0.5	0.384615385	>=160
0	0	0.0	2.0	320.0	2.0	320.0	2.1	1.05	>=160
10	1	0.1	0.3	48.0	0.3	48.0	0.9	3.0	>=160
0	0	0.0	0.5	80.0	0.5	80.0	3.6	7.2	>=160
3	1	0.333333	1.0	160.0	0.0	0.0	0.1	0.1	>=160
10	7	0.7	6.8	1020.0	1.5	225.0	4.1	0.602941176	>=143.1AND<160
10	3	0.3	4.0	640.0	1.8	288.0	0.2	0.05	>=160
1	1	1.0	1.0	160.0	1.0	160.0	2.9	2.9	>=160
1	1	1.0	1.0	160.0	0.0	0.0	0.8	0.8	>=160
1	1	1.0	0.7	112.0	0.7	112.0	0.2	0.28571428600000004	>=160
9	1	0.11111099999999999	2.0	320.0	0.6	96.0	1.3	0.65	>=160
2	2	1.0	0.2	32.0	0.2	32.0	5.5	27.5	>=160
1	1	1.0	2.0	320.0	0.9	144.0	0.0	0.0	>=160
5	2	0.4	0.5	80.0	0.5	80.0	7.9	15.8	>=160
5	3	0.6	0.7	112.0	0.7	112.0	7.1	10.14285714	>=160
0	0	0.0	0.4	64.0	0.4	64.0	0.0	0.0	>=160
0	0	0.0	0.2	32.0	0.2	32.0	13.4	67.0	>=160
0	0	0.0	0.1	16.0	0.1	16.0	0.0	0.0	>=160
0	0	0.0	0.5	80.0	0.5	80.0	0.0	0.0	>=160
0	0	0.0	0.2	32.0	0.2	32.0	1.4	7.0	>=160
5	5	1.0	9.7	1552.0	0.3	48.0	0.6	0.06185567	>=160
4	1	0.25	0.9	144.0	0.9	144.0	11.5	12.77777778	>=160
5	5	1.0	5.7	912.0	1.9	304.0	1.7	0.298245614	>=160
3	2	0.666666	2.0	320.0	1.0	160.0	1.2	0.6	>=160
0	0	0.0	0.2	32.0	0.2	32.0	0.8	4.0	>=160
1	1	1.0	0.2	32.0	0.2	32.0	0.8	4.0	>=160
5	1	0.2	0.1	16.0	0.1	16.0	2.2	22.0	>=160
5	1	0.2	0.1	16.0	0.1	16.0	1.5	15.0	>=160
5	1	0.2	1.0	160.0	0.0	0.0	0.4	0.4	>=160
5	1	0.2	1.0	160.0	0.0	0.0	0.3	0.3	>=160
5	1	0.2	0.1	16.0	0.1	16.0	0.8	8.0	>=160
8	5	0.625	11.5	1840.0	0.3	48.0	5.6	0.486956522	>=160
6	6	1.0	1.7	272.0	0.4	64.0	42.1	24.76470588	>=160
5	5	1.0	15.0	2400.0	0.0	0.0	8.6	0.573333333	>=160
10	5	0.5	5.0	800.0	0.0	0.0	3.6	0.72	>=160
8	8	1.0	13.8	2208.0	0.5	80.0	4.2	0.304347826	>=160
19	19	1.0	25.5	4080.0	0.0	0.0	25.0	0.980392157	>=160
7	7	1.0	6.4	1024.0	1.4	224.0	3.4	0.53125	>=160
4	3	0.75	1.6	256.0	1.6	256.0	6.8	4.25	>=160
8	8	1.0	5.6	896.0	1.2	192.0	8.7	1.553571429	>=160
13	13	1.0	15.0	2400.0	1.0	160.0	18.1	1.2066666670000001	>=160
2	2	1.0	1.7	272.0	0.6	96.0	2.6	1.529411765	>=160
10	10	1.0	3.0	480.0	0.0	0.0	21.3	7.1	>=160
11	11	1.0	11.0	1760.0	0.0	0.0	7.9	0.7181818179999999	>=160
2	2	1.0	2.6	416.0	0.5	80.0	4.0	1.5384615380000002	>=160
9	9	1.0	5.2	832.0	2.2	352.0	12.6	2.423076923	>=160
10	8	0.8	1.0	160.0	0.0	0.0	26.4	26.4	>=160
11	4	0.363636	4.0	640.0	1.5	240.0	10.9	2.725	>=160
5	1	0.2	1.2	192.0	0.2	32.0	0.1	0.083333333	>=160
8	8	1.0	6.6	1056.0	1.2	192.0	5.4	0.818181818	>=160
5	5	1.0	2.8	448.0	1.8	288.0	3.1	1.107142857	>=160
10	6	0.6	1.9	304.0	1.9	304.0	16.2	8.526315789	>=160
11	11	1.0	13.6	2176.0	1.1	176.0	8.3	0.610294118	>=160
10	9	0.9	5.3	848.0	1.9	304.0	7.3	1.3773584909999999	>=160
8	8	1.0	2.9	464.0	1.1	176.0	9.2	3.172413793	>=160
2	2	1.0	2.0	320.0	0.7	112.0	0.7	0.35	>=160
3	3	1.0	3.0	480.0	3.0	480.0	1.3	0.433333333	>=160
7	7	1.0	7.0	1120.0	0.9	144.0	3.9	0.557142857	>=160
9	9	1.0	11.1	1776.0	1.3	208.0	10.7	0.9639639640000001	>=160
10	8	0.8	10.1	1616.0	3.3	528.0	12.5	1.2376237620000001	>=160
5	5	1.0	4.5	720.0	2.6	416.0	10.8	2.4	>=160
5	5	1.0	7.6	1216.0	1.5	240.0	6.3	0.828947368	>=160
10	7	0.7	9.3	1488.0	1.9	304.0	13.5	1.451612903	>=160
2	2	1.0	1.0	160.0	0.0	0.0	2.0	2.0	>=160
2555	9	0.003522	8.9	1424.0	0.3	48.0	14.0	1.573033708	>=160
5	2	0.4	2.0	320.0	1.0	160.0	0.0	0.0	>=160
66	8	0.12121199999999999	5.2	832.0	1.5	240.0	9.2	1.769230769	>=160
15	6	0.4	5.7	912.0	3.4	544.0	2.0	0.350877193	>=160
100	14	0.14	6.1	976.0	0.1	16.0	30.0	4.918032787	>=160
18	15	0.833333	18.2	2912.0	0.0	0.0	2.2	0.12087912099999999	>=160
15	11	0.733333	6.5	1040.0	2.6	416.0	7.2	1.107692308	>=160
8	8	1.0	17.3	2595.0	0.2	30.0	18.7	1.080924855	>=143.1AND<160
1	1	1.0	0.1	16.0	0.1	16.0	4.8	48.0	>=160
1	1	1.0	0.3	48.0	0.3	48.0	7.8	26.0	>=160
3	3	1.0	2.7	432.0	0.6	96.0	18.7	6.925925926000001	>=160
10	9	0.9	9.0	1440.0	0.0	0.0	0.0	0.0	>=160
4	4	1.0	0.4	64.0	0.4	64.0	7.9	19.75	>=160
4	4	1.0	1.2	192.0	1.2	192.0	9.1	7.583333333	>=160
4	4	1.0	1.5	240.0	0.5	80.0	10.4	6.933333332999999	>=160
0	0	0.0	1.1	176.0	1.1	176.0	7.9	7.181818182000001	>=160
5	4	0.8	1.2	192.0	1.2	192.0	5.9	4.916666667	>=160
10	4	0.4	0.9	144.0	0.9	144.0	15.7	17.44444444	>=160
0	0	0.0	2.2	336.0	0.2	32.0	5.7	2.590909091	>=143.1AND<160
0	0	0.0	2.2	336.0	0.2	32.0	5.7	2.590909091	>=143.1AND<160
10	4	0.4	1.4	231.0	0.4	66.0	13.7	9.785714286000001	>=160
5	4	0.8	0.5	80.0	0.5	80.0	13.8	27.6	>=160
0	0	0.0	0.5	80.0	0.5	80.0	8.1	16.2	>=160
0	0	0.0	0.3	48.0	0.3	48.0	9.0	30.0	>=160
0	0	0.0	0.7	112.0	0.7	112.0	12.3	17.57142857	>=160
6	4	0.666666	0.4	64.0	0.4	64.0	16.0	40.0	>=160
0	0	0.0	0.4	64.0	0.4	64.0	12.5	31.25	>=160
0	0	0.0	0.2	32.0	0.2	32.0	9.2	46.0	>=160
0	0	0.0	0.2	33.0	0.2	33.0	5.4	27.0	>=160
5	4	0.8	1.2	192.0	1.2	192.0	22.0	18.33333333	>=160
7	7	1.0	3.1	496.0	0.4	64.0	0.0	0.0	>=160
10	1	0.1	0.5	80.0	0.5	80.0	0.9	1.8	>=160
10	7	0.7	5.3	848.0	3.0	480.0	13.6	2.5660377359999997	>=160
3	3	1.0	3.2	512.0	1.0	160.0	0.4	0.125	>=160
5	5	1.0	1.6	256.0	1.6	256.0	12.9	8.0625	>=160
10	3	0.3	4.3	688.0	2.2	352.0	1.4	0.325581395	>=160
10	7	0.7	3.7	592.0	0.3	48.0	4.0	1.081081081	>=160
11	9	0.818181	9.1	1408.0	2.1	336.0	4.3	0.472527473	>=143.1AND<160
10	5	0.5	4.1	656.0	1.5	240.0	5.4	1.3170731709999999	>=160
5	3	0.6	3.2	480.0	1.2	192.0	2.3	0.71875	>=143.1AND<160
2	2	1.0	2.0	320.0	0.1	16.0	2.8	1.4	>=160
2	2	1.0	2.0	320.0	0.0	0.0	6.7	3.35	>=160
20	4	0.2	4.4	704.0	0.6	96.0	3.6	0.818181818	>=160
4	4	1.0	4.0	576.0	0.0	0.0	0.0	0.0	>=143.1AND<160
6000	2	0.000333	1.8	288.0	0.3	48.0	1.8	1.0	>=160
3	3	1.0	1.0	160.0	0.0	0.0	1.3	1.3	>=160
10	3	0.3	3.7	592.0	0.4	64.0	6.4	1.72972973	>=160
15	5	0.333333	2.0	320.0	1.0	160.0	17.9	8.95	>=160
15	7	0.46666599999999997	13.4	2144.0	0.6	96.0	0.2	0.014925373	>=160
10	9	0.9	3.6	576.0	2.6	416.0	5.3	1.4722222219999999	>=160
20	10	0.5	4.7	752.0	0.4	64.0	0.0	0.0	>=160
4	4	1.0	6.3	1008.0	2.0	320.0	2.2	0.34920634899999997	>=160
5	5	1.0	1.4	224.0	0.4	64.0	7.0	5.0	>=160
5	5	1.0	3.0	480.0	0.0	0.0	11.9	3.9666666669999997	>=160
9	9	1.0	4.1	656.0	0.8	128.0	37.5	9.146341462999999	>=160
10	5	0.5	2.0	320.0	0.0	0.0	9.0	4.5	>=160
10	8	0.8	8.7	1392.0	1.8	288.0	16.5	1.896551724	>=160
2	2	1.0	2.3	368.0	2.3	368.0	1.3	0.565217391	>=160
10	10	1.0	11.1	1776.0	2.1	336.0	26.0	2.342342342	>=160
2	1	0.5	0.1	16.0	0.1	16.0	3.4	34.0	>=160
3	1	0.333333	0.4	64.0	0.4	64.0	2.4	6.0	>=160
0	0	0.0	1.0	160.0	1.0	160.0	2.9	2.9	>=160
0	0	0.0	0.6	96.0	0.6	96.0	4.7	7.833333333	>=160
0	0	0.0	1.3	208.0	1.3	208.0	4.2	3.230769231	>=160
10	1	0.1	1.4	218.4	0.4	64.0	0.3	0.214285714	>=143.1AND<160
0	0	0.0	0.7	115.5	0.7	115.5	0.2	0.28571428600000004	>=160
1	1	1.0	0.1	16.5	0.1	16.5	0.9	9.0	>=160
10	1	0.1	2.5	412.5	0.4	66.0	7.6	3.04	>=160
0	0	0.0	3.3	528.0	0.7	112.0	3.4	1.03030303	>=160
0	0	0.0	0.1	16.0	0.1	16.0	0.9	9.0	>=160
10	1	0.1	0.6	99.0	0.6	99.0	1.7	2.833333333	>=160
10	3	0.3	5.0	800.0	1.0	160.0	4.1	0.82	>=160
10	1	0.1	1.3	208.0	1.3	208.0	0.9	0.692307692	>=160
10	1	0.1	1.0	160.0	1.0	160.0	5.9	5.9	>=160
0	0	0.0	1.0	160.0	1.0	160.0	0.5	0.5	>=160
10	5	0.5	5.0	768.0	0.6	96.0	10.8	2.16	>=143.1AND<160
0	0	0.0	1.4	222.75	0.3	49.5	4.4	3.142857143	>=143.1AND<160
10	3	0.3	7.4	1183.2	2.6	416.0	2.7	0.364864865	>=143.1AND<160
2	1	0.5	1.7	280.5	1.7	280.5	5.8	3.411764706	>=160
10	3	0.3	4.4	704.0	2.4	384.0	15.8	3.5909090910000003	>=160
10	6	0.6	5.4	864.0	1.1	176.0	5.9	1.092592593	>=160
5	2	0.4	1.3	208.0	0.3	48.0	2.4	1.846153846	>=160
20	17	0.85	6.5	1040.0	1.3	208.0	47.8	7.353846154	>=160
20	19	0.95	2.4	384.0	0.5	80.0	63.7	26.54166667	>=160
10	2	0.2	0.7	112.0	0.7	112.0	10.8	15.42857143	>=160
10	2	0.2	12.7	2032.0	0.0	0.0	12.7	1.0	>=160
1	1	1.0	1.3	214.5	1.3	214.5	0.6	0.46153846200000004	>=160
10	4	0.4	7.0	1120.0	0.0	0.0	0.0	0.0	>=160
2	2	1.0	1.5	232.0	0.5	80.0	2.3	1.533333333	>=143.1AND<160
10	2	0.2	1.8	288.0	1.8	288.0	0.5	0.27777777800000003	>=160
6	3	0.5	3.0	480.0	1.1	176.0	0.5	0.166666667	>=160
2	2	1.0	2.0	320.0	0.0	0.0	1.6	0.8	>=160
10	1	0.1	1.5	240.0	0.2	32.0	1.1	0.7333333329999999	>=160
50	20	0.4	11.1	1776.0	1.3	208.0	26.5	2.387387387	>=160
5	5	1.0	8.9	1424.0	1.1	176.0	1.8	0.20224719100000002	>=160
7	5	0.7142850000000001	2.3	368.0	0.8	128.0	2.8	1.217391304	>=160
5	2	0.4	1.2	192.0	1.2	192.0	59.5	49.58333333	>=160
3	2	0.666666	2.4	384.0	0.4	64.0	7.5	3.125	>=160
11	1	0.090909	0.1	16.0	0.1	16.0	0.4	4.0	>=160
0	0	0.0	0.3	48.0	0.3	48.0	2.0	6.666666667	>=160
2	2	1.0	2.3	368.0	0.3	48.0	0.6	0.260869565	>=160
12	11	0.916666	7.9	1264.0	2.1	336.0	17.7	2.240506329	>=160
5	2	0.4	1.0	160.0	0.0	0.0	3.0	3.0	>=160
8	7	0.875	2.9	464.0	2.9	464.0	13.3	4.586206897	>=160
2	2	1.0	2.0	320.0	0.8	128.0	1.0	0.5	>=160
2	2	1.0	1.9	304.0	0.9	144.0	3.9	2.0526315790000003	>=160
4	2	0.5	0.6	96.0	0.6	96.0	3.6	6.0	>=160
8	2	0.25	2.0	320.0	0.0	0.0	1.1	0.55	>=160
0	0	0.0	2.0	320.0	0.0	0.0	1.1	0.55	>=160
3	2	0.666666	3.0	480.0	0.0	0.0	1.1	0.36666666700000006	>=160
18	18	1.0	25.1	4016.0	1.2	192.0	11.0	0.43824701200000005	>=160
4	4	1.0	2.1	336.0	2.1	336.0	8.7	4.1428571430000005	>=160
111	5	0.045045	5.0	800.0	0.5	80.0	2.4	0.48	>=160
12	12	1.0	11.7	1872.0	1.8	288.0	25.3	2.162393162	>=160
5	3	0.6	3.7	592.0	1.1	176.0	2.9	0.783783784	>=160
10	4	0.4	3.0	480.0	0.5	80.0	0.4	0.133333333	>=160
10	4	0.4	2.6	416.0	0.6	96.0	7.3	2.807692308	>=160
10	4	0.4	2.6	416.0	1.3	208.0	4.6	1.769230769	>=160
6	6	1.0	5.0	768.0	0.0	0.0	5.6	1.12	>=143.1AND<160
0	0	0.0	0.4	64.0	0.4	64.0	0.9	2.25	>=160
0	0	0.0	1.0	160.0	0.0	0.0	0.0	0.0	>=160
0	0	0.0	0.4	64.0	0.4	64.0	5.0	12.5	>=160
0	0	0.0	0.1	15.2	0.1	15.2	1.3	13.0	>=143.1AND<160
4	1	0.25	1.6	256.0	0.5	80.0	0.3	0.1875	>=160
5	3	0.6	2.0	320.0	0.0	0.0	6.4	3.2	>=160
4	2	0.5	2.1	336.0	0.1	16.0	3.2	1.523809524	>=160
1	1	1.0	1.0	160.0	1.0	160.0	2.5	2.5	>=160
2	2	1.0	3.4	544.0	0.7	112.0	11.5	3.382352941	>=160
3	3	1.0	3.0	472.8	0.7	112.0	1.0	0.333333333	>=143.1AND<160
1	1	1.0	1.0	160.0	0.0	0.0	0.0	0.0	>=160
1	1	1.0	0.7	112.0	0.7	112.0	5.5	7.857142857	>=160
2	2	1.0	2.0	320.0	0.0	0.0	0.0	0.0	>=160
2	2	1.0	2.4	384.0	0.3	48.0	1.1	0.45833333299999995	>=160
1	1	1.0	2.2	336.0	0.2	32.0	3.6	1.636363636	>=143.1AND<160
2	2	1.0	1.7	272.0	0.2	32.0	4.8	2.823529412	>=160
2	2	1.0	4.0	640.0	0.0	0.0	8.6	2.15	>=160
2	2	1.0	1.4	224.0	0.1	16.0	9.9	7.071428571	>=160
2	2	1.0	5.9	912.0	0.7	112.0	6.8	1.152542373	>=143.1AND<160
1	1	1.0	0.4	64.0	0.4	64.0	6.5	16.25	>=160
2	2	1.0	0.2	32.0	0.2	32.0	2.7	13.5	>=160
1	1	1.0	1.7	272.0	0.7	112.0	6.4	3.764705882	>=160
2	2	1.0	1.1	176.0	1.1	176.0	0.1	0.090909091	>=160
1	1	1.0	1.2	192.0	1.2	192.0	0.1	0.083333333	>=160
2	2	1.0	1.8	288.0	0.6	96.0	3.5	1.9444444440000002	>=160
2	2	1.0	2.0	320.0	0.0	0.0	0.0	0.0	>=160
1	1	1.0	0.5	80.0	0.5	80.0	1.2	2.4	>=160
1	1	1.0	1.0	160.0	0.0	0.0	1.1	1.1	>=160
1	1	1.0	1.0	160.0	0.0	0.0	0.0	0.0	>=160
3	3	1.0	6.5	1040.0	2.3	368.0	17.7	2.7230769230000003	>=160
1	1	1.0	1.5	240.0	0.5	80.0	0.4	0.26666666699999997	>=160
10	1	0.1	0.9	144.0	0.9	144.0	1.1	1.222222222	>=160
0	0	0.0	0.6	96.0	0.6	96.0	0.8	1.333333333	>=160
4	1	0.25	0.4	64.0	0.4	64.0	3.9	9.75	>=160
10	5	0.5	1.0	160.0	0.0	0.0	6.9	6.9	>=160
0	0	0.0	5.9	885.0	0.7	105.0	0.4	0.06779661	>=143.1AND<160
5	3	0.6	5.0	800.0	0.7	112.0	0.5	0.1	>=160
1	1	1.0	0.6	96.0	0.6	96.0	3.3	5.5	>=160
1	1	1.0	0.5	80.0	0.5	80.0	1.4	2.8	>=160
1	1	1.0	1.3	208.0	1.3	208.0	0.1	0.076923077	>=160
3	1	0.333333	0.1	16.0	0.1	16.0	1.8	18.0	>=160
2	2	1.0	0.1	16.0	0.1	16.0	7.4	74.0	>=160
1	1	1.0	0.1	16.0	0.1	16.0	9.2	92.0	>=160
1	1	1.0	1.0	160.0	1.0	160.0	0.0	0.0	>=160
5	2	0.4	1.5	240.0	0.4	64.0	8.5	5.666666667	>=160
10	3	0.3	1.4	224.0	0.4	64.0	9.3	6.642857143	>=160
5	2	0.4	1.0	160.0	0.0	0.0	13.2	13.2	>=160
0	0	0.0	0.1	16.0	0.1	16.0	13.4	134.0	>=160
0	0	0.0	0.2	32.0	0.2	32.0	0.0	0.0	>=160
0	0	0.0	0.1	16.0	0.1	16.0	0.0	0.0	>=160
0	0	0.0	0.3	48.0	0.3	48.0	1.2	4.0	>=160
0	0	0.0	1.0	160.0	0.0	0.0	0.0	0.0	>=160
5	5	1.0	1.1	176.0	1.1	176.0	0.0	0.0	>=160
5	1	0.2	0.4	64.0	0.4	64.0	11.7	29.25	>=160
6	6	1.0	4.6	736.0	3.3	528.0	2.4	0.52173913	>=160
3	2	0.666666	2.0	320.0	0.8	128.0	1.0	0.5	>=160
0	0	0.0	0.4	64.0	0.4	64.0	0.4	1.0	>=160
0	0	0.0	0.3	48.0	0.3	48.0	0.5	1.6666666669999999	>=160
0	0	0.0	0.3	48.0	0.3	48.0	2.1	7.0	>=160
2	1	0.5	0.3	48.0	0.3	48.0	9.4	31.33333333	>=160
9	1	0.11111099999999999	0.4	64.0	0.4	64.0	2.3	5.75	>=160
5	1	0.2	1.0	160.0	0.0	0.0	0.3	0.3	>=160
2	1	0.5	1.0	160.0	0.0	0.0	0.7	0.7	>=160
0	0	0.0	0.6	96.0	0.6	96.0	0.5	0.833333333	>=160
10	6	0.6	4.3	688.0	0.3	48.0	3.9	0.9069767440000001	>=160
6	6	1.0	5.2	832.0	0.7	112.0	45.7	8.788461538	>=160
6	6	1.0	1.0	160.0	0.0	0.0	6.1	6.1	>=160
8	8	1.0	4.4	704.0	0.3	48.0	5.2	1.181818182	>=160
19	19	1.0	23.8	3808.0	0.0	0.0	13.7	0.5756302520000001	>=160
7	7	1.0	5.4	864.0	1.6	256.0	4.3	0.796296296	>=160
3	3	1.0	9.4	1504.0	0.7	112.0	2.3	0.244680851	>=160
8	8	1.0	10.0	1600.0	1.1	176.0	7.5	0.75	>=160
13	13	1.0	24.9	3984.0	0.5	80.0	9.1	0.365461847	>=160
2	2	1.0	2.0	320.0	0.0	0.0	1.7	0.85	>=160
10	10	1.0	11.0	1760.0	0.0	0.0	21.4	1.945454545	>=160
11	11	1.0	11.0	1760.0	0.0	0.0	7.6	0.690909091	>=160
2	2	1.0	1.2	192.0	1.2	192.0	3.6	3.0	>=160
9	9	1.0	14.0	2240.0	0.3	48.0	11.1	0.792857143	>=160
10	8	0.8	3.0	480.0	0.0	0.0	31.9	10.63333333	>=160
4	4	1.0	5.0	800.0	1.6	256.0	9.6	1.92	>=160
10	5	0.5	14.0	2240.0	0.0	0.0	2.6	0.185714286	>=160
2	1	0.5	0.2	32.0	0.2	32.0	0.7	3.5	>=160
8	8	1.0	8.3	1328.0	1.5	240.0	5.5	0.662650602	>=160
6	6	1.0	8.2	1312.0	2.0	320.0	3.3	0.402439024	>=160
7	6	0.857142	3.7	592.0	1.7	272.0	19.2	5.1891891889999995	>=160
11	11	1.0	7.5	1200.0	2.5	400.0	9.3	1.24	>=160
0	0	0.0	2.0	320.0	0.0	0.0	10.4	5.2	>=160
14	9	0.642857	11.6	1856.0	0.8	128.0	7.1	0.612068966	>=160
8	8	1.0	15.0	2400.0	0.5	80.0	11.2	0.7466666670000001	>=160
2	2	1.0	2.0	320.0	0.6	96.0	0.8	0.4	>=160
3	3	1.0	3.0	480.0	0.9	144.0	1.1	0.36666666700000006	>=160
8	8	1.0	5.7	912.0	1.2	192.0	5.5	0.9649122809999999	>=160
9	9	1.0	7.5	1200.0	1.5	240.0	12.3	1.64	>=160
10	8	0.8	12.2	1952.0	0.7	112.0	10.7	0.87704918	>=160
6	6	1.0	2.9	464.0	2.9	464.0	12.8	4.413793103	>=160
4	4	1.0	3.1	496.0	1.8	288.0	6.3	2.032258065	>=160
11	7	0.636363	14.8	2368.0	1.5	240.0	7.8	0.527027027	>=160
9	9	1.0	13.2	2112.0	1.5	240.0	13.5	1.0227272729999999	>=160
5	2	0.4	1.1	176.0	1.1	176.0	0.0	0.0	>=160
66	8	0.12121199999999999	4.7	752.0	2.7	432.0	13.2	2.808510638	>=160
10	6	0.6	4.1	656.0	2.3	368.0	2.9	0.707317073	>=160
50	14	0.28	7.1	1136.0	1.3	208.0	36.3	5.112676056000001	>=160
17	15	0.882352	19.9	3184.0	0.0	0.0	1.1	0.055276382	>=160
15	11	0.733333	15.0	2400.0	2.8	448.0	4.8	0.32	>=160
8	8	1.0	15.7	2355.0	0.4	60.0	25.5	1.624203822	>=143.1AND<160
2	1	0.5	0.2	32.0	0.2	32.0	0.8	4.0	>=160
1	1	1.0	0.2	32.0	0.2	32.0	5.7	28.5	>=160
1	1	1.0	1.3	208.0	0.3	48.0	2.9	2.230769231	>=160
1	1	1.0	0.1	16.0	0.1	16.0	2.9	29.0	>=160
10	4	0.4	1.2	192.0	0.2	32.0	21.2	17.66666667	>=160
20	9	0.45	9.0	1440.0	0.0	0.0	0.0	0.0	>=160
5	5	1.0	0.1	16.0	0.1	16.0	12.5	125.0	>=160
5	5	1.0	0.2	32.0	0.2	32.0	13.2	66.0	>=160
5	5	1.0	0.9	144.0	0.9	144.0	12.6	14.0	>=160
5	5	1.0	0.5	80.0	0.5	80.0	13.6	27.2	>=160
6	5	0.833333	0.9	144.0	0.9	144.0	11.0	12.22222222	>=160
0	0	0.0	2.4	384.0	1.3	208.0	4.6	1.9166666669999999	>=160
10	5	0.5	1.5	240.0	1.5	240.0	19.3	12.86666667	>=160
0	0	0.0	0.6	96.0	0.6	96.0	4.1	6.833333333	>=160
0	0	0.0	0.6	96.0	0.6	96.0	4.1	6.833333333	>=160
10	5	0.5	0.7	115.5	0.7	115.5	17.6	25.14285714	>=160
10	5	0.5	1.6	256.0	1.6	256.0	17.9	11.1875	>=160
10	5	0.5	0.2	32.0	0.2	32.0	10.8	54.0	>=160
6	5	0.833333	2.0	320.0	1.0	160.0	10.0	5.0	>=160
5	5	1.0	0.1	16.0	0.1	16.0	16.3	163.0	>=160
10	5	0.5	1.5	240.0	0.4	64.0	20.1	13.4	>=160
10	5	0.5	0.2	32.0	0.2	32.0	16.5	82.5	>=160
5	5	1.0	0.3	48.0	0.3	48.0	11.7	39.0	>=160
10	5	0.5	1.0	160.0	0.0	0.0	12.3	12.3	>=160
10	5	0.5	1.3	206.25	0.3	49.5	9.2	7.076923077000001	>=143.1AND<160
10	5	0.5	2.1	335.2	2.1	335.2	25.1	11.95238095	>=143.1AND<160
8	8	1.0	3.9	624.0	3.9	624.0	1.4	0.35897435899999997	>=160
5	2	0.4	0.7	112.0	0.7	112.0	2.4	3.428571429	>=160
0	0	0.0	6.6	1056.0	2.5	400.0	8.6	1.303030303	>=160
4	4	1.0	2.2	352.0	0.9	144.0	2.1	0.954545455	>=160
6	6	1.0	0.6	96.0	0.6	96.0	17.7	29.5	>=160
6	5	0.833333	3.2	512.0	1.9	304.0	3.3	1.03125	>=160
9	9	1.0	5.4	864.0	0.4	64.0	7.2	1.333333333	>=160
15	10	0.666666	5.6	896.0	3.4	544.0	6.8	1.214285714	>=160
10	6	0.6	5.1	816.0	0.1	16.0	6.2	1.215686275	>=160
4	3	0.75	2.6	416.0	0.6	96.0	2.2	0.846153846	>=160
3	3	1.0	2.7	432.0	2.7	432.0	2.2	0.814814815	>=160
5	4	0.8	1.7	272.0	1.7	272.0	3.7	2.176470588	>=160
5	5	1.0	4.0	640.0	0.0	0.0	0.0	0.0	>=160
22	2	0.090909	0.1	16.0	0.1	16.0	3.7	37.0	>=160
10	3	0.3	4.1	656.0	0.3	48.0	6.5	1.585365854	>=160
5	5	1.0	8.8	1408.0	1.5	240.0	18.9	2.147727273	>=160
10	8	0.8	1.8	288.0	1.8	288.0	0.0	0.0	>=160
0	0	0.0	7.1	1136.0	1.7	272.0	2.1	0.29577464800000003	>=160
10	10	1.0	5.3	848.0	1.4	224.0	0.0	0.0	>=160
6	6	1.0	4.7	752.0	2.7	432.0	3.6	0.765957447	>=160
5	5	1.0	0.2	32.0	0.2	32.0	11.8	59.0	>=160
7	7	1.0	1.0	160.0	0.0	0.0	15.9	15.9	>=160
10	10	1.0	6.4	1024.0	1.8	288.0	42.8	6.6875	>=160
8	8	1.0	4.9	784.0	1.7	272.0	17.4	3.5510204080000003	>=160
2	2	1.0	1.7	272.0	1.7	272.0	1.4	0.8235294120000001	>=160
11	11	1.0	11.9	1904.0	0.7	112.0	24.3	2.042016807	>=160
4	1	0.25	1.6	256.0	0.4	64.0	3.7	2.3125	>=160
2	1	0.5	1.3	208.0	0.3	48.0	2.9	2.230769231	>=160
10	1	0.1	0.4	64.0	0.4	64.0	3.7	9.25	>=160
10	1	0.1	0.7	112.0	0.7	112.0	4.9	7.0	>=160
10	1	0.1	4.0	640.0	0.4	64.0	1.8	0.45	>=160
5	1	0.2	3.1	511.5	0.0	0.0	13.9	4.483870968	>=160
1	1	1.0	0.5	82.5	0.5	82.5	0.5	1.0	>=160
0	0	0.0	0.9	148.5	0.9	148.5	0.5	0.5555555560000001	>=160
10	1	0.1	1.7	280.5	1.7	280.5	6.3	3.7058823530000002	>=160
10	1	0.1	3.0	480.0	0.4	64.0	1.8	0.6	>=160
1	1	1.0	0.1	16.0	0.1	16.0	1.6	16.0	>=160
10	1	0.1	1.0	162.0	1.0	162.0	1.9	1.9	>=160
10	3	0.3	3.3	528.0	1.9	304.0	2.1	0.636363636	>=160
2	1	0.5	1.3	208.0	1.3	208.0	0.7	0.538461538	>=160
10	1	0.1	0.7	112.0	0.7	112.0	6.2	8.857142857000001	>=160
1	1	1.0	0.7	112.0	0.7	112.0	0.5	0.7142857140000001	>=160
10	1	0.1	0.7	112.2	0.7	112.2	3.7	5.285714286	>=160
10	5	0.5	0.2	32.0	0.2	32.0	13.0	65.0	>=160
10	1	0.1	1.2	197.18	1.2	197.18	5.7	4.75	>=160
20	4	0.2	6.2	967.2	1.4	224.0	9.2	1.4838709680000002	>=143.1AND<160
5	2	0.4	0.6	98.18	0.6	98.18	6.7	11.16666667	>=160
10	4	0.4	4.7	751.82	2.4	383.82	14.4	3.063829787	>=143.1AND<160
10	7	0.7	5.4	864.0	1.6	256.0	5.8	1.074074074	>=160
10	3	0.3	3.1	495.2	1.9	303.2	2.2	0.709677419	>=143.1AND<160
20	18	0.9	11.2	1792.0	1.2	192.0	54.7	4.883928571	>=160
30	21	0.7	5.7	911.2	0.9	144.0	79.4	13.92982456	>=143.1AND<160
10	2	0.2	7.8	1248.0	1.3	208.0	9.3	1.192307692	>=160
10	3	0.3	3.6	575.2	1.2	191.2	3.6	1.0	>=143.1AND<160
1	1	1.0	2.0	330.0	0.7	115.5	1.9	0.95	>=160
20	7	0.35	2.0	320.0	0.0	0.0	1.6	0.8	>=160
2	2	1.0	0.4	64.0	0.4	64.0	3.6	9.0	>=160
5	2	0.4	1.0	160.0	1.0	160.0	0.8	0.8	>=160
5	3	0.6	3.0	480.0	1.9	304.0	1.4	0.46666666700000003	>=160
5	2	0.4	1.6	256.0	1.6	256.0	3.6	2.25	>=160
17	1	0.058823	0.8	128.0	0.8	128.0	1.4	1.75	>=160
50	22	0.44	14.6	2336.0	1.1	176.0	36.3	2.48630137	>=160
10	7	0.7	3.0	480.0	1.7	272.0	2.4	0.8	>=160
7	6	0.857142	1.6	256.0	1.6	256.0	6.7	4.1875	>=160
5	2	0.4	1.6	256.0	0.2	32.0	59.3	37.0625	>=160
3	2	0.666666	0.5	80.0	0.5	80.0	8.3	16.6	>=160
20	1	0.05	0.9	144.0	0.9	144.0	0.4	0.444444444	>=160
5	1	0.2	0.2	32.0	0.2	32.0	2.6	13.0	>=160
2	1	0.5	0.5	80.0	0.5	80.0	8.8	17.6	>=160
2	2	1.0	2.0	320.0	0.0	0.0	0.9	0.45	>=160
16	12	0.75	6.4	1024.0	3.2	512.0	23.6	3.6875	>=160
10	3	0.3	1.0	160.0	0.0	0.0	4.6	4.6	>=160
0	0	0.0	3.9	624.0	2.3	368.0	10.5	2.692307692	>=160
0	0	0.0	0.8	128.0	0.8	128.0	2.8	3.5	>=160
0	0	0.0	0.4	64.0	0.4	64.0	1.1	2.75	>=160
2	2	1.0	0.9	144.0	0.9	144.0	5.0	5.555555556	>=160
20	2	0.1	2.0	300.8	0.3	48.0	1.1	0.55	>=143.1AND<160
4	2	0.5	2.0	320.0	0.0	0.0	1.1	0.55	>=160
6	3	0.5	1.0	144.0	0.0	0.0	4.9	4.9	>=143.1AND<160
21	21	1.0	18.3	2928.0	0.8	128.0	10.3	0.56284153	>=160
0	0	0.0	5.0	800.0	1.3	208.0	5.6	1.12	>=160
11111	6	0.00054	1.3	208.0	1.3	208.0	4.6	3.538461538	>=160
13	13	1.0	5.2	832.0	1.6	256.0	27.7	5.326923077	>=160
10	6	0.6	5.0	800.0	0.5	80.0	5.9	1.18	>=160
5	3	0.6	4.2	672.0	1.7	272.0	1.8	0.428571429	>=160
5	5	1.0	6.8	1088.0	1.0	160.0	0.8	0.117647059	>=160
5	5	1.0	3.1	496.0	0.7	112.0	10.6	3.419354839	>=160
3	3	1.0	1.0	160.0	0.0	0.0	15.3	15.3	>=160
8	5	0.625	4.5	720.0	3.1	496.0	5.4	1.2	>=160
8	7	0.875	2.5	400.0	2.5	400.0	9.9	3.96	>=160
1	1	1.0	0.3	48.0	0.3	48.0	1.3	4.333333333	>=160
2	1	0.5	0.2	32.0	0.2	32.0	5.5	27.5	>=160
2	1	0.5	0.2	32.0	0.2	32.0	6.4	32.0	>=160
5	1	0.2	0.2	32.0	0.2	32.0	0.7	3.5	>=160
10	3	0.3	1.0	160.0	1.0	160.0	8.6	8.6	>=160
3	2	0.666666	2.1	336.0	0.1	16.0	2.9	1.380952381	>=160
2	2	1.0	4.8	768.0	0.7	112.0	0.0	0.0	>=160
2	2	1.0	5.4	848.0	1.8	288.0	8.9	1.6481481480000002	>=143.1AND<160
3	3	1.0	2.8	432.0	0.7	112.0	1.0	0.35714285700000004	>=143.1AND<160
1	1	1.0	1.0	160.0	0.0	0.0	0.0	0.0	>=160
1	1	1.0	0.2	32.0	0.2	32.0	6.1	30.5	>=160
2	2	1.0	2.0	320.0	0.0	0.0	0.0	0.0	>=160
2	2	1.0	1.5	240.0	1.5	240.0	1.7	1.133333333	>=160
1	1	1.0	4.3	654.4	0.1	16.0	1.7	0.395348837	>=143.1AND<160
2	2	1.0	0.6	96.0	0.6	96.0	5.8	9.666666667000001	>=160
2	2	1.0	2.6	415.2	2.6	415.2	9.5	3.6538461539999996	>=143.1AND<160
2	2	1.0	3.2	504.0	1.8	288.0	2.6	0.8125	>=143.1AND<160
1	1	1.0	9.6	1463.75	0.2	32.0	4.4	0.45833333299999995	>=143.1AND<160
2	2	1.0	0.3	48.0	0.3	48.0	4.4	14.66666667	>=160
1	1	1.0	1.0	160.0	1.0	160.0	6.0	6.0	>=160
3	3	1.0	3.8	584.0	0.2	32.0	1.0	0.263157895	>=143.1AND<160
1	1	1.0	0.7	112.0	0.7	112.0	0.2	0.28571428600000004	>=160
2	2	1.0	0.6	96.0	0.6	96.0	4.4	7.333333333	>=160
2	2	1.0	2.0	320.0	0.5	80.0	0.1	0.05	>=160
1	1	1.0	0.4	64.0	0.4	64.0	1.7	4.25	>=160
1	1	1.0	1.0	160.0	0.0	0.0	0.0	0.0	>=160
3	3	1.0	6.2	990.4	1.1	174.4	14.4	2.322580645	>=143.1AND<160
1	1	1.0	1.0	160.0	0.0	0.0	0.0	0.0	>=160
10	1	0.1	1.5	240.0	1.5	240.0	0.6	0.4	>=160
1	1	1.0	0.6	96.0	0.6	96.0	0.7	1.166666667	>=160
4	1	0.25	0.6	96.0	0.6	96.0	4.3	7.166666667	>=160
10	6	0.6	2.2	352.0	1.0	160.0	11.2	5.090909091	>=160
10	8	0.8	1.1	165.0	1.1	165.0	3.1	2.8181818180000002	>=143.1AND<160
1	1	1.0	0.3	48.0	0.3	48.0	3.8	12.66666667	>=160
1	1	1.0	0.2	32.0	0.2	32.0	1.9	9.5	>=160
1	1	1.0	1.0	160.0	1.0	160.0	0.0	0.0	>=160
5	1	0.2	0.1	16.0	0.1	16.0	2.7	27.0	>=160
2	2	1.0	6.5	1036.8	2.1	332.8	1.9	0.292307692	>=143.1AND<160
2	2	1.0	0.3	48.0	0.3	48.0	9.2	30.66666667	>=160
1	1	1.0	0.1	16.0	0.1	16.0	10.2	102.0	>=160
1	1	1.0	1.0	160.0	0.0	0.0	0.0	0.0	>=160
5	3	0.6	0.1	16.0	0.1	16.0	11.5	115.0	>=160
5	2	0.4	1.1	176.0	0.1	16.0	14.8	13.45454545	>=160
1	1	1.0	0.3	48.0	0.3	48.0	0.2	0.666666667	>=160
1	1	1.0	0.1	16.0	0.1	16.0	0.8	8.0	>=160
2	1	0.5	0.2	32.0	0.2	32.0	0.0	0.0	>=160
1	1	1.0	0.2	32.0	0.2	32.0	1.5	7.5	>=160
5	5	1.0	3.9	624.0	2.5	400.0	0.8	0.205128205	>=160
4	1	0.25	2.1	336.0	1.1	176.0	11.0	5.2380952380000005	>=160
7	7	1.0	3.9	624.0	2.3	368.0	4.5	1.153846154	>=160
3	2	0.666666	2.2	352.0	0.9	144.0	0.9	0.409090909	>=160
5	1	0.2	0.3	48.0	0.3	48.0	1.0	3.333333333	>=160
2	1	0.5	0.4	64.0	0.4	64.0	1.1	2.75	>=160
2	1	0.5	0.3	48.0	0.3	48.0	2.7	9.0	>=160
5	1	0.2	1.0	160.0	0.0	0.0	1.6	1.6	>=160
0	0	0.0	0.3	48.0	0.3	48.0	9.5	31.66666667	>=160
10	1	0.1	0.6	96.0	0.6	96.0	2.9	4.833333333	>=160
2	1	0.5	2.0	320.0	0.0	0.0	0.7	0.35	>=160
3	1	0.333333	0.3	48.0	0.3	48.0	1.0	3.333333333	>=160
11	7	0.636363	5.1	816.0	0.0	0.0	5.3	1.039215686	>=160
7	7	1.0	5.4	864.0	2.5	400.0	45.7	8.462962962999999	>=160
7	7	1.0	11.0	1760.0	0.9	144.0	5.4	0.490909091	>=160
9	9	1.0	12.6	2016.0	0.7	112.0	5.2	0.412698413	>=160
22	22	1.0	19.6	3136.0	0.7	112.0	17.2	0.87755102	>=160
8	8	1.0	6.4	1024.0	2.3	368.0	5.6	0.875	>=160
5	3	0.6	0.3	48.0	0.3	48.0	2.7	9.0	>=160
9	9	1.0	13.4	2144.0	2.1	336.0	5.1	0.380597015	>=160
15	15	1.0	10.9	1744.0	0.0	0.0	8.6	0.7889908259999999	>=160
3	3	1.0	1.8	288.0	0.6	96.0	3.9	2.166666667	>=160
11	11	1.0	3.0	480.0	0.0	0.0	28.0	9.333333332999999	>=160
12	12	1.0	2.0	320.0	0.0	0.0	9.7	4.85	>=160
5	2	0.4	2.5	400.0	1.5	240.0	3.6	1.44	>=160
10	10	1.0	9.1	1456.0	0.2	32.0	8.3	0.9120879120000001	>=160
10	9	0.9	2.0	320.0	0.0	0.0	38.9	19.45	>=160
7	7	1.0	3.0	480.0	1.7	272.0	12.8	4.266666667	>=160
10	6	0.6	2.9	464.0	0.8	128.0	7.1	2.448275862	>=160
0	0	0.0	0.5	80.0	0.5	80.0	0.4	0.8	>=160
9	9	1.0	5.4	864.0	1.7	272.0	7.6	1.4074074069999998	>=160
7	7	1.0	4.9	784.0	1.8	288.0	4.3	0.87755102	>=160
25	7	0.28	1.6	256.0	1.6	256.0	24.0	15.0	>=160
12	12	1.0	13.3	2128.0	2.1	336.0	9.6	0.721804511	>=160
0	0	0.0	2.0	320.0	0.0	0.0	8.7	4.35	>=160
20	10	0.5	10.9	1744.0	1.8	288.0	7.5	0.688073394	>=160
9	9	1.0	12.0	1920.0	1.2	192.0	4.8	0.4	>=160
2	2	1.0	2.0	320.0	0.8	128.0	0.4	0.2	>=160
4	4	1.0	3.9	624.0	1.1	176.0	2.1	0.538461538	>=160
9	9	1.0	3.2	512.0	2.1	336.0	9.2	2.875	>=160
10	10	1.0	8.3	1328.0	1.7	272.0	14.1	1.698795181	>=160
10	9	0.9	14.1	2256.0	0.4	64.0	3.4	0.24113475199999998	>=160
7	7	1.0	2.2	352.0	2.2	352.0	17.6	8.0	>=160
7	7	1.0	4.7	752.0	1.2	192.0	8.9	1.8936170209999998	>=160
8	8	1.0	9.9	1584.0	1.6	256.0	3.8	0.383838384	>=160
3	3	1.0	2.1	336.0	0.0	0.0	6.0	2.857142857	>=160
10	10	1.0	8.6	1376.0	2.1	336.0	12.9	1.5	>=160
5	3	0.6	0.9	144.0	0.9	144.0	0.9	1.0	>=160
0	0	0.0	5.1	816.0	2.4	384.0	8.6	1.68627451	>=160
20	7	0.35	7.8	1248.0	2.4	384.0	5.2	0.666666667	>=160
100	16	0.16	7.5	1200.0	1.5	240.0	43.6	5.813333332999999	>=160
20	16	0.8	5.2	832.0	0.0	0.0	0.1	0.019230768999999998	>=160
12	12	1.0	6.2	992.0	2.2	352.0	8.1	1.306451613	>=160
9	9	1.0	14.4	2160.0	0.2	30.0	16.6	1.152777778	>=143.1AND<160
0	0	0.0	1.8	288.0	0.4	64.0	0.2	0.111111111	>=160
1	1	1.0	4.7	752.0	0.0	0.0	2.3	0.489361702	>=160
1	1	1.0	2.1	336.0	0.1	16.0	2.6	1.2380952379999999	>=160
1	1	1.0	9.2	1400.06	0.1	16.0	5.9	0.641304348	>=143.1AND<160
1	1	1.0	3.0	456.0	0.0	0.0	3.0	1.0	>=143.1AND<160
10	5	0.5	4.8	768.0	0.5	80.0	22.2	4.625	>=160
6	6	1.0	5.0	768.8	0.5	80.0	16.8	3.36	>=143.1AND<160
6	6	1.0	0.2	32.0	0.2	32.0	17.7	88.5	>=160
6	6	1.0	1.3	198.4	0.0	0.0	17.9	13.76923077	>=143.1AND<160
10	6	0.6	0.7	112.0	0.7	112.0	16.1	23.0	>=160
10	6	0.6	2.3	368.0	1.3	208.0	6.7	2.913043478	>=160
6	6	1.0	3.2	512.0	1.1	176.0	23.2	7.25	>=160
6	6	1.0	0.6	96.0	0.6	96.0	9.4	15.66666667	>=160
0	0	0.0	0.6	96.0	0.6	96.0	3.4	5.666666667	>=160
10	6	0.6	0.1	16.5	0.1	16.5	22.9	229.0	>=160
10	6	0.6	1.5	240.0	1.5	240.0	22.0	14.66666667	>=160
10	6	0.6	1.3	208.0	0.3	48.0	15.1	11.61538462	>=160
10	6	0.6	0.5	80.0	0.5	80.0	15.1	30.2	>=160
10	6	0.6	0.5	80.0	0.5	80.0	24.7	49.4	>=160
10	6	0.6	0.5	80.0	0.5	80.0	21.8	43.6	>=160
0	0	0.0	0.5	80.0	0.5	80.0	18.2	36.4	>=160
10	6	0.6	1.3	213.68	1.3	213.68	14.2	10.92307692	>=160
10	6	0.6	0.9	144.0	0.9	144.0	29.4	32.66666667	>=160
10	1	0.1	0.9	144.0	0.9	144.0	0.6	0.666666667	>=160
0	0	0.0	0.7	112.0	0.7	112.0	1.7	2.4285714290000002	>=160
1	1	1.0	1.0	160.0	0.0	0.0	0.1	0.1	>=160
1	1	1.0	0.2	32.0	0.2	32.0	5.3	26.5	>=160
6	2	0.333333	1.7	272.0	0.5	80.0	0.5	0.294117647	>=160
3	3	1.0	2.2	352.0	0.0	0.0	1.9	0.8636363640000001	>=160
10	4	0.4	1.2	192.0	1.2	192.0	2.1	1.75	>=160
10	1	0.1	1.0	160.0	1.0	160.0	1.7	1.7	>=160
4	1	0.25	0.7	112.0	0.7	112.0	0.5	0.7142857140000001	>=160
0	0	0.0	1.2	192.0	0.2	32.0	0.5	0.41666666700000005	>=160
10	2	0.2	0.7	112.0	0.7	112.0	1.2	1.714285714	>=160
1111	1	0.0009	0.8	128.0	0.8	128.0	1.1	1.375	>=160
10	1	0.1	0.5	80.0	0.5	80.0	1.5	3.0	>=160
0	0	0.0	0.6	96.0	0.6	96.0	0.0	0.0	>=160
0	0	0.0	1.6	256.0	0.5	80.0	0.2	0.125	>=160
2	2	1.0	1.4	224.0	0.0	0.0	4.7	3.357142857	>=160
3	3	1.0	5.9	944.0	0.4	64.0	11.1	1.881355932	>=160
0	0	0.0	0.6	96.0	0.6	96.0	4.1	6.833333333	>=160
0	0	0.0	0.6	96.0	0.6	96.0	4.9	8.166666667000001	>=160
0	0	0.0	0.9	144.0	0.9	144.0	0.4	0.444444444	>=160
4	4	1.0	0.9	144.0	0.9	144.0	6.0	6.666666667	>=160
0	0	0.0	0.2	32.0	0.2	32.0	0.8	4.0	>=160
0	0	0.0	0.1	16.0	0.1	16.0	0.6	6.0	>=160
0	0	0.0	0.4	64.0	0.4	64.0	1.3	3.25	>=160
0	0	0.0	0.1	16.0	0.1	16.0	0.1	1.0	>=160
2	1	0.5	0.4	66.0	0.4	66.0	4.0	10.0	>=160
0	0	0.0	0.1	16.5	0.1	16.5	0.1	1.0	>=160
0	0	0.0	0.1	16.5	0.1	16.5	0.0	0.0	>=160
0	0	0.0	0.4	66.0	0.4	66.0	1.6	4.0	>=160
0	0	0.0	1.0	152.0	0.0	0.0	0.1	0.1	>=143.1AND<160
2	1	0.5	0.3	48.0	0.3	48.0	0.7	2.333333333	>=160
3	1	0.333333	0.6	96.0	0.6	96.0	0.4	0.666666667	>=160
0	0	0.0	0.1	16.0	0.1	16.0	0.1	1.0	>=160
1	1	1.0	0.3	48.0	0.3	48.0	1.8	6.0	>=160
0	0	0.0	0.1	16.0	0.1	16.0	0.1	1.0	>=160
2	1	0.5	0.3	49.5	0.3	49.5	1.0	3.333333333	>=160
3	2	0.666666	0.5	80.0	0.5	80.0	4.1	8.2	>=160
0	0	0.0	0.1	16.5	0.1	16.5	1.5	15.0	>=160
0	0	0.0	2.0	312.0	0.9	144.0	1.6	0.8	>=143.1AND<160
0	0	0.0	0.4	66.0	0.4	66.0	1.9	4.75	>=160
0	0	0.0	0.7	112.0	0.7	112.0	4.0	5.714285714	>=160
4	2	0.5	0.4	64.0	0.4	64.0	1.7	4.25	>=160
0	0	0.0	0.2	32.0	0.2	32.0	0.7	3.5	>=160
0	0	0.0	2.3	368.0	0.0	0.0	15.4	6.695652174	>=160
0	0	0.0	0.7	112.0	0.7	112.0	23.8	34.0	>=160
0	0	0.0	1.6	256.0	0.5	80.0	1.1	0.6875	>=160
0	0	0.0	0.3	48.0	0.3	48.0	1.0	3.333333333	>=160
0	0	0.0	0.1	16.5	0.1	16.5	0.5	5.0	>=160
0	0	0.0	0.3	48.0	0.3	48.0	0.3	1.0	>=160
0	0	0.0	2.0	320.0	0.0	0.0	0.6	0.3	>=160
0	0	0.0	0.3	48.0	0.3	48.0	0.9	3.0	>=160
4	0	0.0	1.3	208.0	0.0	0.0	0.0	0.0	>=160
5	5	1.0	8.6	1301.0	0.0	0.0	8.7	1.011627907	>=143.1AND<160
10	2	0.2	1.6	256.0	0.1	16.0	0.4	0.25	>=160
4	3	0.75	1.0	160.0	1.0	160.0	2.2	2.2	>=160
6	1	0.166666	1.1	176.0	0.0	0.0	2.3	2.090909091	>=160
0	0	0.0	0.4	64.0	0.4	64.0	0.2	0.5	>=160
5	0	0.0	0.5	80.0	0.5	80.0	0.7	1.4	>=160
6	5	0.833333	2.0	320.0	0.5	80.0	6.8	3.4	>=160
2	2	1.0	1.4	224.0	1.4	224.0	2.7	1.928571429	>=160
0	0	0.0	0.2	32.0	0.2	32.0	0.7	3.5	>=160
0	0	0.0	0.1	16.0	0.1	16.0	1.3	13.0	>=160
0	0	0.0	1.0	160.0	0.0	0.0	0.1	0.1	>=160
0	0	0.0	2.0	320.0	0.0	0.0	0.0	0.0	>=160
9	9	1.0	2.7	432.0	0.0	0.0	1.3	0.481481481	>=160
1	1	1.0	1.2	192.0	0.1	16.0	0.8	0.666666667	>=160
1000	1	0.001	2.6	416.0	0.5	80.0	1.0	0.384615385	>=160
5	5	1.0	1.0	160.0	1.0	160.0	8.5	8.5	>=160
10	2	0.2	0.2	32.0	0.2	32.0	0.0	0.0	>=160
0	0	0.0	2.3	368.0	0.4	64.0	2.2	0.956521739	>=160
1	1	1.0	1.0	160.0	0.0	0.0	4.1	4.1	>=160
10	2	0.2	0.1	16.0	0.1	16.0	1.4	14.0	>=160
0	0	0.0	1.9	304.0	0.5	80.0	2.7	1.4210526319999999	>=160
0	0	0.0	0.4	64.0	0.4	64.0	0.3	0.75	>=160
0	0	0.0	0.1	16.0	0.1	16.0	1.6	16.0	>=160
0	0	0.0	0.1	16.0	0.1	16.0	0.2	2.0	>=160
0	0	0.0	0.1	16.0	0.1	16.0	0.8	8.0	>=160
1	1	1.0	5.2	832.0	0.0	0.0	0.9	0.173076923	>=160
0	0	0.0	0.2	32.0	0.2	32.0	0.3	1.5	>=160
0	0	0.0	0.2	32.0	0.2	32.0	1.9	9.5	>=160
0	0	0.0	0.1	16.0	0.1	16.0	1.9	19.0	>=160
1	1	1.0	1.0	160.0	0.0	0.0	2.3	2.3	>=160
0	0	0.0	0.2	32.0	0.2	32.0	2.5	12.5	>=160
1	1	1.0	1.5	232.0	0.5	80.0	0.3	0.2	>=143.1AND<160
0	0	0.0	0.1	16.0	0.1	16.0	1.3	13.0	>=160
0	0	0.0	0.7	112.0	0.7	112.0	0.5	0.7142857140000001	>=160
0	0	0.0	1.0	160.0	0.0	0.0	0.4	0.4	>=160
0	0	0.0	1.0	160.0	0.0	0.0	3.2	3.2	>=160
0	0	0.0	0.5	80.0	0.5	80.0	0.1	0.2	>=160
0	0	0.0	0.3	48.0	0.3	48.0	0.2	0.666666667	>=160
0	0	0.0	0.2	32.0	0.2	32.0	1.2	6.0	>=160
10	1	0.1	5.7	912.0	0.3	48.0	2.4	0.42105263200000004	>=160
0	0	0.0	2.3	345.0	0.2	30.0	0.5	0.21739130399999998	>=143.1AND<160
0	0	0.0	0.1	16.0	0.1	16.0	1.1	11.0	>=160
0	0	0.0	2.0	304.0	0.0	0.0	0.0	0.0	>=143.1AND<160
0	0	0.0	0.5	80.0	0.5	80.0	0.0	0.0	>=160
5	1	0.2	0.5	80.0	0.5	80.0	3.1	6.2	>=160
3	1	0.333333	1.2	192.0	0.2	32.0	3.2	2.666666667	>=160
0	0	0.0	0.1	16.0	0.1	16.0	0.4	4.0	>=160
0	0	0.0	0.1	16.0	0.1	16.0	0.0	0.0	>=160
5	2	0.4	0.2	32.0	0.2	32.0	0.2	1.0	>=160
0	0	0.0	0.5	80.0	0.5	80.0	2.9	5.8	>=160
0	0	0.0	1.1	176.0	1.1	176.0	1.0	0.9090909090000001	>=160
0	0	0.0	1.1	176.0	0.1	16.0	0.0	0.0	>=160
0	0	0.0	2.0	320.0	0.0	0.0	0.0	0.0	>=160
3	3	1.0	2.1	336.0	0.6	96.0	12.7	6.047619048	>=160
2	2	1.0	3.0	480.0	0.0	0.0	0.4	0.133333333	>=160
9	9	1.0	10.9	1744.0	0.0	0.0	2.5	0.229357798	>=160
3	3	1.0	1.2	192.0	1.2	192.0	1.3	1.083333333	>=160
6	6	1.0	5.5	880.0	0.0	0.0	1.2	0.218181818	>=160
1	1	1.0	2.5	400.0	0.2	32.0	0.7	0.28	>=160
5	5	1.0	0.3	48.0	0.3	48.0	9.0	30.0	>=160
0	0	0.0	0.9	144.0	0.9	144.0	0.7	0.7777777779999999	>=160
4	4	1.0	1.6	256.0	0.4	64.0	2.2	1.375	>=160
10	4	0.4	2.0	320.0	0.0	0.0	11.1	5.55	>=160
0	0	0.0	0.3	48.0	0.3	48.0	3.4	11.33333333	>=160
10	1	0.1	0.9	144.0	0.9	144.0	1.7	1.888888889	>=160
3	3	1.0	1.8	288.0	0.2	32.0	1.9	1.0555555559999998	>=160
2	2	1.0	0.9	144.0	0.9	144.0	0.7	0.7777777779999999	>=160
5	2	0.4	1.8	288.0	0.2	32.0	6.7	3.722222222	>=160
0	0	0.0	3.5	560.0	0.8	128.0	1.4	0.4	>=160
10	4	0.4	2.9	464.0	0.0	0.0	0.8	0.275862069	>=160
2	2	1.0	0.1	16.0	0.1	16.0	0.3	3.0	>=160
3	3	1.0	3.1	496.0	0.0	0.0	2.4	0.774193548	>=160
4	4	1.0	3.5	560.0	0.8	128.0	3.0	0.857142857	>=160
2	2	1.0	0.8	128.0	0.8	128.0	5.2	6.5	>=160
2	2	1.0	0.7	112.0	0.7	112.0	2.3	3.285714286	>=160
4	4	1.0	9.2	1472.0	0.7	112.0	0.8	0.086956522	>=160
0	0	0.0	0.7	112.0	0.7	112.0	1.9	2.714285714	>=160
20	3	0.15	2.3	368.0	0.9	144.0	0.3	0.130434783	>=160
100	6	0.06	1.6	256.0	0.2	32.0	13.1	8.1875	>=160
0	0	0.0	0.1	16.0	0.1	16.0	6.4	64.0	>=160
2	2	1.0	20.2	3072.0	0.2	32.0	0.3	0.014851485	>=143.1AND<160
0	0	0.0	19.3	3088.0	0.0	0.0	0.6	0.031088083	>=160
0	0	0.0	0.3	48.0	0.3	48.0	5.7	19.0	>=160
0	0	0.0	0.1	16.0	0.1	16.0	6.0	60.0	>=160
2	2	1.0	0.4	64.0	0.4	64.0	5.0	12.5	>=160
0	0	0.0	0.1	16.0	0.1	16.0	2.1	21.0	>=160
2	2	1.0	0.6	96.0	0.6	96.0	6.5	10.83333333	>=160
0	0	0.0	0.3	48.0	0.3	48.0	2.6	8.666666667000001	>=160
0	0	0.0	0.3	48.0	0.3	48.0	0.9	3.0	>=160
0	0	0.0	0.1	15.68	0.1	15.68	7.0	70.0	>=143.1AND<160
2	2	1.0	0.5	80.0	0.5	80.0	6.5	13.0	>=160
0	0	0.0	0.1	16.0	0.1	16.0	5.0	50.0	>=160
0	0	0.0	3.4	544.0	0.0	0.0	4.5	1.323529412	>=160
3	2	0.666666	1.0	160.0	0.0	0.0	6.7	6.7	>=160
2	2	1.0	0.1	16.0	0.1	16.0	6.7	67.0	>=160
0	0	0.0	1.0	152.0	0.0	0.0	5.5	5.5	>=143.1AND<160
3	2	0.666666	0.3	49.5	0.3	49.5	4.4	14.66666667	>=160
2	2	1.0	0.1	16.0	0.1	16.0	8.8	88.0	>=160
