0	0	0.0	7.3	1679.0	17.1	2.34	3
5	5	1.0	5.4	1242.0	13.6	2.52	3
4	4	1.0	5.5	1265.0	13.2	2.4	3
5	5	1.0	9.7	2231.0	10.0	1.03	3
5	5	1.0	7.6	1748.0	0.0	0.0	3
0	0	0.0	4.2	966.0	0.0	0.0	3
10	10	1.0	5.7	1311.0	0.9	0.16	3
20	20	1.0	3.1	713.0	11.5	3.71	3
20	20	1.0	0.7	161.0	6.5	9.29	3
0	0	0.0	1.3	299.0	4.9	3.77	3
5	3	0.6	4.3	989.0	3.6	0.84	3
10	10	1.0	1.8	414.0	10.6	5.89	3
6	6	1.0	6.9	1587.0	10.5	1.52	3
0	0	0.0	2.7	621.0	0.0	0.0	3
3	3	1.0	3.5	805.0	0.0	0.0	3
5	5	1.0	1.3	299.0	0.8	0.62	3
5	5	1.0	1.9	437.0	3.3	1.74	3
4	4	1.0	0.1	23.0	1.6	16.0	3
0	0	0.0	0.9	207.0	17.2	19.11	3
0	0	0.0	1.6	368.0	16.0	10.0	3
0	0	0.0	2.5	575.0	13.4	5.36	3
0	0	0.0	6.0	1380.0	8.8	1.47	3
5	5	1.0	3.2	736.0	1.5	0.47	3
10	10	1.0	1.5	345.0	8.2	5.47	3
0	0	0.0	3.8	874.0	5.8	1.53	3
0	0	0.0	2.9	667.0	2.7	0.93	3
0	0	0.0	1.3	299.0	0.4	0.31	3
0	0	0.0	0.0	0.0	8.0	99999.0	1
10	4	0.4	1.4	322.0	10.9	7.79	3
5	5	1.0	3.7	851.0	12.2	3.3	3
5	5	1.0	2.7	621.0	12.9	4.78	3
4	4	1.0	0.5	115.0	2.4	4.8	3
2	2	1.0	1.4	322.0	4.2	3.0	3
0	0	0.0	2.1	483.0	2.9	1.38	3
0	0	0.0	0.8	184.0	1.3	1.63	3
0	0	0.0	1.1	253.0	0.1	0.09	3
0	0	0.0	4.6	1058.0	1.8	0.39	3
5	5	1.0	4.9	1127.0	1.3	0.27	3
0	0	0.0	1.4	322.0	0.0	0.0	3
0	0	0.0	2.2	506.0	0.0	0.0	3
0	0	0.0	0.7	161.0	0.0	0.0	3
0	0	0.0	0.5	115.0	0.0	0.0	3
0	0	0.0	1.1	253.0	0.0	0.0	3
0	0	0.0	1.0	230.0	0.0	0.0	3
0	0	0.0	0.2	46.0	0.0	0.0	3
0	0	0.0	2.5	550.0	11.9	4.76	2
0	0	0.0	5.5	1210.0	9.3	1.69	2
0	0	0.0	5.5	1210.0	3.0	0.55	2
20	20	1.0	8.3	1826.0	11.7	1.41	2
0	0	0.0	4.6	1012.0	0.0	0.0	2
10	10	1.0	5.3	1166.0	0.4	0.08	2
10	10	1.0	6.4	1408.0	4.8	0.75	2
40	40	1.0	3.9	858.0	34.4	8.82	2
0	0	0.0	0.2	44.0	11.2	56.0	2
0	0	0.0	7.0	1540.0	19.2	2.74	2
7	7	1.0	11.5	2530.0	14.5	1.26	2
20	20	1.0	5.8	1276.0	24.5	4.22	2
0	0	0.0	10.9	2398.0	18.0	1.65	2
10	10	1.0	5.5	1210.0	5.3	0.96	2
0	0	0.0	5.8	1276.0	0.6	0.1	2
20	20	1.0	5.0	1100.0	11.9	2.38	2
40	40	1.0	3.2	704.0	44.5	13.91	2
0	0	0.0	1.0	220.0	13.9	13.9	2
0	0	0.0	2.8	644.0	15.9	5.68	3
0	0	0.0	2.6	595.7	12.9	4.96	2
20	20	1.0	3.2	736.0	27.5	8.59	3
0	0	0.0	6.2	1423.7	22.5	3.63	2
0	0	0.0	2.3	529.0	0.0	0.0	3
0	0	0.0	6.2	1426.0	0.0	0.0	3
0	0	0.0	8.6	1978.0	0.0	0.0	3
20	20	1.0	4.0	920.0	0.9	0.23	3
0	0	0.0	1.1	253.0	0.0	0.0	3
0	0	0.0	3.9	897.0	21.2	5.44	3
0	0	0.0	2.6	598.0	17.5	6.73	3
10	10	1.0	2.4	552.0	23.9	9.96	3
0	0	0.0	2.6	598.0	19.5	7.5	3
0	0	0.0	3.9	897.0	0.0	0.0	3
10	10	1.0	3.5	805.0	3.0	0.86	3
10	10	1.0	2.1	483.0	9.2	4.38	3
0	0	0.0	5.0	1150.0	6.8	1.36	3
0	0	0.0	1.3	299.0	1.1	0.85	3
0	0	0.0	2.2	506.0	5.4	2.45	3
7	4	0.57	4.6	1012.0	5.3	1.15	2
20	20	1.0	1.4	322.0	20.6	14.71	3
10	10	1.0	2.9	667.0	26.2	9.03	3
0	0	0.0	1.6	365.7	0.0	0.0	2
0	0	0.0	0.4	92.0	0.0	0.0	3
0	0	0.0	16.5	3542.0	0.0	0.0	2
0	0	0.0	5.2	1173.0	0.0	0.0	2
0	0	0.0	0.1	23.0	0.0	0.0	3
0	0	0.0	0.8	184.0	25.1	31.38	3
4	3	0.75	4.6	1012.0	23.2	5.04	2
15	15	1.0	2.3	506.0	30.1	13.09	2
0	0	0.0	4.0	874.0	29.2	7.3	2
0	0	0.0	2.1	460.0	0.0	0.0	2
0	0	0.0	2.3	506.0	0.0	0.0	2
8	8	1.0	0.3	69.0	1.7	5.67	3
5	5	1.0	2.9	644.0	3.5	1.21	2
0	0	0.0	2.1	483.0	0.9	0.43	3
0	0	0.0	3.5	805.0	7.2	2.06	3
3	3	1.0	3.7	851.0	5.1	1.38	3
10	10	1.0	3.2	736.0	8.3	2.59	3
5	5	1.0	1.9	437.0	11.8	6.21	3
5	5	1.0	3.3	759.0	1.5	0.45	3
0	0	0.0	2.6	598.0	0.2	0.08	3
6	6	1.0	1.8	414.0	1.7	0.94	3
2	2	1.0	4.2	966.0	2.3	0.55	3
0	0	0.0	0.0	0.0	0.2	99999.0	1
0	0	0.0	7.6	1725.0	31.2	4.11	2
0	0	0.0	6.7	1541.0	24.8	3.7	3
20	20	1.0	3.1	713.0	37.8	12.19	3
0	0	0.0	4.7	1081.0	32.2	6.85	3
0	0	0.0	3.7	851.0	0.0	0.0	3
20	20	1.0	16.9	3882.4	0.3	0.02	2
21	21	1.0	5.5	1219.0	14.0	2.55	2
15	15	1.0	7.1	1628.4	24.7	3.48	2
0	0	0.0	1.3	299.0	6.1	4.69	3
0	0	0.0	3.6	782.0	1.4	0.39	2
4	4	1.0	0.0	0.0	2.3	99999.0	1
30	30	1.0	2.3	529.0	19.5	8.48	3
0	0	0.0	6.2	1380.0	25.5	4.11	2
10	10	1.0	2.0	460.0	3.3	1.65	3
0	0	0.0	2.8	621.0	4.5	1.61	2
0	0	0.0	4.2	943.0	0.5	0.12	2
0	0	0.0	5.9	1354.7	0.0	0.0	2
0	0	0.0	2.1	483.0	0.0	0.0	3
0	0	0.0	1.8	414.0	19.8	11.0	3
10	3	0.3	0.4	92.0	21.9	54.75	3
5	5	1.0	0.9	207.0	25.9	28.78	3
0	0	0.0	1.2	276.0	22.1	18.42	3
0	0	0.0	0.3	69.0	0.0	0.0	3
0	0	0.0	5.9	1242.0	0.0	0.0	2
0	0	0.0	0.3	69.0	0.0	0.0	3
0	0	0.0	1.7	391.0	0.0	0.0	3
0	0	0.0	0.1	23.0	0.0	0.0	3
0	0	0.0	0.0	0.0	0.0	99999.0	1
4	4	1.0	0.0	0.0	2.3	99999.0	1
20	20	1.0	6.9	1564.0	11.4	1.65	2
0	0	0.0	5.1	1173.0	13.9	2.73	3
6	6	1.0	6.3	1375.4	0.0	0.0	2
11	11	1.0	6.9	1587.0	2.0	0.29	3
0	0	0.0	7.3	1679.0	0.2	0.03	3
0	0	0.0	1.9	437.0	0.0	0.0	3
0	0	0.0	0.9	207.0	0.0	0.0	3
0	0	0.0	5.5	1265.0	25.9	4.71	3
0	0	0.0	0.2	46.0	22.9	114.5	3
0	0	0.0	1.5	345.0	22.0	14.67	3
0	0	0.0	5.6	1288.0	14.9	2.66	3
0	0	0.0	0.5	115.0	0.0	0.0	3
10	10	1.0	2.2	506.0	6.7	3.05	3
0	0	0.0	1.9	437.0	5.5	2.89	3
10	10	1.0	1.6	368.0	12.6	7.88	3
0	0	0.0	0.2	46.0	3.9	19.5	3
0	0	0.0	2.2	506.0	16.8	7.64	3
0	0	0.0	3.1	713.0	14.6	4.71	3
0	0	0.0	4.6	1058.0	9.4	2.04	3
5	5	1.0	3.3	759.0	9.1	2.76	3
10	10	1.0	2.2	506.0	6.6	3.0	3
0	0	0.0	1.3	299.0	6.1	4.69	3
0	0	0.0	3.3	759.0	4.0	1.21	3
5	5	1.0	0.4	92.0	6.3	15.75	3
5	5	1.0	0.6	138.0	2.6	4.33	3
0	0	0.0	3.4	782.0	25.2	7.41	3
5	5	1.0	3.2	736.0	26.9	8.41	3
0	0	0.0	1.1	253.0	25.7	23.36	3
5	5	1.0	0.1	23.0	25.0	250.0	3
50	50	1.0	46.6	9678.0	10.1	0.22	2
0	0	0.0	6.2	1426.0	0.3	0.05	3
0	0	0.0	9.9	2277.0	0.0	0.0	3
5	5	1.0	13.3	3059.0	0.0	0.0	3
5	5	1.0	2.2	506.0	0.0	0.0	3
0	0	0.0	7.0	1610.0	49.7	7.1	3
0	0	0.0	4.5	1035.0	44.2	9.82	3
0	0	0.0	9.7	2231.0	37.8	3.9	3
0	0	0.0	18.4	4007.0	20.0	1.09	2
3	3	1.0	6.2	1426.0	0.1	0.02	3
5	5	1.0	7.8	1794.0	0.0	0.0	3
10	10	1.0	6.2	1426.0	0.2	0.03	3
10	10	1.0	6.1	1403.0	2.9	0.48	3
10	10	1.0	1.2	276.0	1.5	1.25	3
0	0	0.0	4.3	989.0	44.6	10.37	3
10	10	1.0	4.3	989.0	48.4	11.26	3
0	0	0.0	10.4	2392.0	42.7	4.11	3
0	0	0.0	15.1	3223.0	21.0	1.39	2
10	10	1.0	12.0	2585.0	2.5	0.21	2
10	10	1.0	11.7	2691.0	0.3	0.03	3
20	20	1.0	6.3	1449.0	9.9	1.57	3
0	0	0.0	3.7	851.0	6.6	1.78	3
10	10	1.0	1.1	253.0	2.7	2.45	3
0	0	0.0	6.7	1474.0	22.3	3.33	2
0	0	0.0	6.4	1408.0	15.0	2.34	2
10	10	1.0	6.7	1474.0	17.8	2.66	2
0	0	0.0	8.1	1782.0	11.0	1.36	2
7	7	1.0	4.6	1012.0	3.2	0.7	2
10	10	1.0	6.9	1518.0	5.9	0.86	2
10	10	1.0	8.6	1892.0	8.9	1.03	2
40	40	1.0	11.7	2574.0	35.1	3.0	2
0	0	0.0	1.7	374.0	9.7	5.71	2
0	0	0.0	2.7	594.0	5.0	1.85	2
5	5	1.0	1.4	308.0	6.7	4.79	2
15	15	1.0	10.0	2200.0	15.4	1.54	2
10	10	1.0	4.5	990.0	15.4	3.42	2
0	0	0.0	3.5	770.0	0.0	0.0	2
5	5	1.0	6.7	1474.0	0.0	0.0	2
10	10	1.0	2.4	528.0	2.0	0.83	2
40	40	1.0	5.5	1210.0	33.1	6.02	2
5	5	1.0	0.1	22.0	11.1	111.0	2
0	0	0.0	3.7	814.0	17.7	4.78	2
5	5	1.0	5.0	1100.0	17.4	3.48	2
0	0	0.0	3.7	814.0	14.9	4.03	2
0	0	0.0	1.3	286.0	10.6	8.15	2
10	10	1.0	3.5	770.0	6.2	1.77	2
0	0	0.0	6.7	1474.0	1.8	0.27	2
10	10	1.0	5.7	1254.0	5.8	1.02	2
40	40	1.0	8.1	1782.0	33.2	4.1	2
0	0	0.0	2.4	528.0	9.8	4.08	2
0	0	0.0	5.5	1210.0	28.8	5.24	2
10	10	1.0	9.5	2090.0	29.2	3.07	2
20	20	1.0	7.6	1672.0	40.6	5.34	2
0	0	0.0	6.1	1342.0	32.1	5.26	2
0	0	0.0	10.5	2310.0	0.0	0.0	2
0	0	0.0	5.4	1188.0	0.0	0.0	2
0	0	0.0	7.5	1650.0	0.0	0.0	2
50	50	1.0	3.5	770.0	19.4	5.54	2
0	0	0.0	3.1	682.0	5.9	1.9	2
0	0	0.0	3.7	851.0	50.8	13.73	3
10	5	0.5	8.2	1886.0	49.1	5.99	3
30	30	1.0	4.0	920.0	65.9	16.48	3
0	0	0.0	7.8	1725.0	58.0	7.44	2
0	0	0.0	2.5	575.0	0.0	0.0	3
20	20	1.0	9.2	2116.0	6.7	0.73	3
10	10	1.0	4.5	1035.0	12.7	2.82	3
0	0	0.0	4.9	1127.0	10.5	2.14	3
0	0	0.0	1.5	345.0	2.2	1.47	3
0	0	0.0	5.3	1219.0	3.4	0.64	3
7	7	1.0	3.5	805.0	4.6	1.31	3
25	25	1.0	1.3	299.0	22.0	16.92	3
0	0	0.0	8.3	1909.0	19.3	2.33	3
25	25	1.0	14.5	3085.0	11.6	0.8	2
20	20	1.0	4.2	966.0	22.4	5.33	3
0	0	0.0	1.9	437.0	25.1	13.21	3
5	5	1.0	3.5	805.0	25.9	7.4	3
0	0	0.0	1.9	437.0	7.0	3.68	3
0	0	0.0	3.0	690.0	7.3	2.43	3
3	3	1.0	2.7	621.0	5.3	1.96	3
10	10	1.0	1.4	322.0	9.2	6.57	3
0	0	0.0	9.6	2208.0	9.8	1.02	3
10	10	1.0	4.9	1127.0	1.9	0.39	3
5	5	1.0	3.4	782.0	3.7	1.09	3
10	10	1.0	7.1	1633.0	6.8	0.96	3
5	5	1.0	2.1	483.0	9.0	4.29	3
0	0	0.0	1.2	276.0	3.0	2.5	3
0	0	0.0	3.6	828.0	7.3	2.03	3
15	10	0.67	2.6	598.0	12.8	4.92	3
0	0	0.0	2.6	598.0	12.1	4.65	3
0	0	0.0	3.6	828.0	8.4	2.33	3
25	25	1.0	0.5	115.0	20.2	40.4	3
0	0	0.0	3.7	851.0	20.4	5.51	3
0	0	0.0	2.2	506.0	18.5	8.41	3
0	0	0.0	4.2	966.0	14.8	3.52	3
5	5	1.0	0.3	69.0	4.5	15.0	3
0	0	0.0	0.3	69.0	6.0	20.0	3
5	2	0.4	0.2	46.0	7.2	36.0	3
6	6	1.0	0.4	92.0	11.7	29.25	3
0	0	0.0	6.2	1426.0	7.2	1.16	3
0	0	0.0	0.0	0.0	0.0	99999.0	1
0	0	0.0	3.3	759.0	0.0	0.0	3
5	5	1.0	2.1	483.0	0.0	0.0	3
0	0	0.0	0.4	92.0	0.0	0.0	3
0	0	0.0	0.2	46.0	0.0	0.0	3
0	0	0.0	0.0	0.0	9.1	99999.0	1
0	0	0.0	0.0	0.0	9.1	99999.0	1
0	0	0.0	0.2	46.0	9.0	45.0	3
0	0	0.0	0.9	207.0	7.4	8.22	3
0	0	0.0	1.3	299.0	0.0	0.0	3
0	0	0.0	0.1	23.0	0.0	0.0	3
0	0	0.0	0.3	69.0	0.0	0.0	3
0	0	0.0	0.2	46.0	0.0	0.0	3
0	0	0.0	0.0	0.0	0.0	99999.0	1
0	0	0.0	0.5	115.0	8.4	16.8	3
0	0	0.0	1.0	230.0	7.5	7.5	3
0	0	0.0	0.4	92.0	7.0	17.5	3
0	0	0.0	0.6	138.0	5.7	9.5	3
0	0	0.0	0.3	69.0	0.0	0.0	3
0	0	0.0	1.1	253.0	0.0	0.0	3
0	0	0.0	0.9	207.0	0.0	0.0	3
0	0	0.0	0.2	46.0	0.0	0.0	3
0	0	0.0	0.0	0.0	0.0	99999.0	1
0	0	0.0	0.4	92.0	7.3	18.25	3
0	0	0.0	0.5	115.0	6.9	13.8	3
0	0	0.0	0.2	46.0	6.5	32.5	3
3	3	1.0	0.0	0.0	7.6	99999.0	1
0	0	0.0	0.5	115.0	0.0	0.0	3
0	0	0.0	0.3	69.0	0.0	0.0	3
0	0	0.0	0.3	69.0	0.0	0.0	3
0	0	0.0	0.5	115.0	0.0	0.0	3
0	0	0.0	0.0	0.0	0.0	99999.0	1
0	0	0.0	1.7	391.0	9.0	5.29	3
0	0	0.0	1.2	276.0	7.2	6.0	3
0	0	0.0	0.9	207.0	6.3	7.0	3
4	4	1.0	0.9	207.0	6.6	7.33	3
0	0	0.0	0.3	69.0	0.0	0.0	3
0	0	0.0	0.6	138.0	0.0	0.0	3
0	0	0.0	0.5	115.0	0.0	0.0	3
0	0	0.0	1.6	357.0	0.0	0.0	2
0	0	0.0	0.2	46.0	0.0	0.0	3
0	0	0.0	0.7	161.0	2.9	4.14	3
3	2	0.67	1.4	322.0	3.7	2.64	3
0	0	0.0	0.7	161.0	2.9	4.14	3
10	10	1.0	0.3	69.0	9.3	31.0	3
0	0	0.0	1.3	299.0	0.0	0.0	3
0	0	0.0	0.2	46.0	0.0	0.0	3
0	0	0.0	0.1	23.0	0.0	0.0	3
0	0	0.0	3.3	729.0	0.0	0.0	2
0	0	0.0	0.0	0.0	0.0	99999.0	1
0	0	0.0	0.1	23.0	1.5	15.0	3
0	0	0.0	0.1	23.0	1.4	14.0	3
0	0	0.0	0.0	0.0	1.3	99999.0	1
10	10	1.0	0.0	0.0	8.3	99999.0	1
0	0	0.0	0.0	0.0	0.0	99999.0	1
0	0	0.0	0.0	0.0	0.0	99999.0	1
0	0	0.0	0.2	46.0	0.0	0.0	3
0	0	0.0	0.1	23.0	0.0	0.0	3
0	0	0.0	0.0	0.0	0.0	99999.0	1
0	0	0.0	2.8	621.0	0.8	0.29	2
2	2	1.0	0.1	23.0	1.1	11.0	3
0	0	0.0	0.3	69.0	1.7	5.67	3
0	0	0.0	1.2	276.0	0.8	0.67	3
0	0	0.0	0.4	90.85	0.0	0.0	2
5	5	1.0	1.7	391.0	1.6	0.94	3
0	0	0.0	1.0	227.7	2.2	2.2	2
0	0	0.0	0.5	115.0	1.6	3.2	3
0	0	0.0	0.3	69.0	0.3	1.0	3
0	0	0.0	2.8	621.0	1.7	0.61	2
0	0	0.0	0.2	46.0	0.3	1.5	3
0	0	0.0	0.0	0.0	0.2	99999.0	1
10	10	1.0	1.2	276.0	6.8	5.67	3
0	0	0.0	0.6	138.0	0.0	0.0	3
0	0	0.0	0.3	69.0	0.0	0.0	3
0	0	0.0	1.4	322.0	0.0	0.0	3
0	0	0.0	1.0	220.0	0.0	0.0	2
0	0	0.0	0.2	46.0	0.0	0.0	3
0	0	0.0	2.2	506.0	3.8	1.73	3
2	2	1.0	-0.1	-23.0	3.8	-38.0	3
0	0	0.0	0.6	138.0	3.8	6.33	3
10	10	1.0	0.7	161.0	8.6	12.29	3
0	0	0.0	1.2	276.0	0.0	0.0	3
0	0	0.0	2.5	573.85	0.0	0.0	2
1	1	1.0	1.2	276.0	0.0	0.0	3
0	0	0.0	0.6	138.0	0.0	0.0	3
0	0	0.0	4.2	882.0	0.0	0.0	2
0	0	0.0	2.7	609.5	3.9	1.44	2
5	2	0.4	0.7	159.85	4.4	6.29	2
0	0	0.0	0.8	181.7	3.6	4.5	2
4	4	1.0	0.5	115.0	6.0	12.0	3
0	0	0.0	0.3	69.0	0.0	0.0	3
0	0	0.0	0.4	92.0	0.0	0.0	3
0	0	0.0	0.2	46.0	0.0	0.0	3
0	0	0.0	1.4	312.0	0.0	0.0	2
0	0	0.0	0.0	0.0	0.0	99999.0	1
0	0	0.0	0.1	23.0	0.3	3.0	3
5	2	0.4	0.1	23.0	1.7	17.0	3
0	0	0.0	0.0	0.0	2.2	99999.0	1
0	0	0.0	0.0	0.0	1.9	99999.0	1
0	0	0.0	0.0	0.0	0.0	99999.0	1
0	0	0.0	0.0	0.0	0.0	99999.0	1
0	0	0.0	0.0	0.0	0.0	99999.0	1
1	1	1.0	0.0	0.0	0.7	99999.0	1
0	0	0.0	0.0	0.0	0.3	99999.0	1
0	0	0.0	0.4	92.0	32.7	81.75	3
0	0	0.0	0.3	69.0	32.4	108.0	3
0	0	0.0	0.4	92.0	32.0	80.0	3
0	0	0.0	1.7	391.0	26.6	15.65	3
0	0	0.0	0.1	23.0	0.0	0.0	3
5	5	1.0	0.0	0.0	4.5	99999.0	1
0	0	0.0	0.4	92.0	4.3	10.75	3
0	0	0.0	0.4	92.0	3.9	9.75	3
0	0	0.0	0.2	46.0	1.0	5.0	3
0	0	0.0	2.4	552.0	9.8	4.08	3
10	4	0.4	1.9	437.0	11.9	6.26	3
0	0	0.0	3.5	805.0	9.1	2.6	3
15	15	1.0	1.4	322.0	18.5	13.21	3
0	0	0.0	2.6	598.0	0.0	0.0	3
0	0	0.0	0.9	207.0	0.0	0.0	3
0	0	0.0	7.5	1685.0	0.0	0.0	2
5	5	1.0	1.7	381.0	0.0	0.0	2
0	0	0.0	0.4	92.0	0.0	0.0	3
0	0	0.0	0.5	115.0	5.2	10.4	3
2	2	1.0	0.5	115.0	6.2	12.4	3
0	0	0.0	1.0	230.0	5.7	5.7	3
0	0	0.0	0.1	23.0	4.7	47.0	3
0	0	0.0	0.0	0.0	0.0	99999.0	1
0	0	0.0	0.2	46.0	0.0	0.0	3
0	0	0.0	0.3	69.0	0.0	0.0	3
0	0	0.0	2.6	578.0	0.0	0.0	2
0	0	0.0	0.2	46.0	0.0	0.0	3
0	0	0.0	1.3	297.85	6.9	5.31	2
1	1	1.0	1.5	343.85	6.1	4.07	2
0	0	0.0	0.1	21.85	5.9	59.0	2
0	0	0.0	0.7	161.0	4.7	6.71	3
1	1	1.0	1.5	345.0	0.4	0.27	3
0	0	0.0	4.0	920.0	0.0	0.0	3
5	5	1.0	0.6	138.0	0.0	0.0	3
6	6	1.0	1.3	289.0	4.0	3.08	2
0	0	0.0	0.0	0.0	1.3	99999.0	1
0	0	0.0	1.1	253.0	4.4	4.0	3
0	0	0.0	1.6	368.0	2.4	1.5	3
0	0	0.0	2.0	460.0	1.2	0.6	3
3	3	1.0	0.1	23.0	1.7	17.0	3
0	0	0.0	1.0	230.0	0.0	0.0	3
0	0	0.0	0.1	23.0	0.0	0.0	3
0	0	0.0	0.4	92.0	0.0	0.0	3
1	1	1.0	1.3	289.0	0.0	0.0	2
0	0	0.0	0.0	0.0	0.0	99999.0	1
0	0	0.0	1.6	368.0	1.4	0.88	3
3	2	0.67	0.4	92.0	2.1	5.25	3
0	0	0.0	0.5	115.0	1.9	3.8	3
5	5	1.0	0.7	161.0	4.7	6.71	3
0	0	0.0	2.0	460.0	0.0	0.0	3
0	0	0.0	0.5	115.0	0.0	0.0	3
0	0	0.0	0.4	92.0	0.0	0.0	3
3	3	1.0	0.3	69.0	0.0	0.0	3
0	0	0.0	0.1	23.0	0.0	0.0	3
0	0	0.0	8.1	1804.35	0.0	0.0	2
20	5	0.25	1.8	409.4	0.0	0.0	2
0	0	0.0	3.8	874.0	0.0	0.0	3
15	15	1.0	4.9	1125.85	5.6	1.14	2
0	0	0.0	4.9	1104.0	0.0	0.0	2
0	0	0.0	3.4	770.5	0.0	0.0	2
0	0	0.0	6.0	1380.0	0.0	0.0	3
0	0	0.0	3.0	670.0	0.0	0.0	2
2	2	1.0	0.1	23.0	0.0	0.0	3
0	0	0.0	0.5	115.0	10.7	21.4	3
5	3	0.6	0.5	115.0	12.6	25.2	3
0	0	0.0	1.0	230.0	12.6	12.6	3
0	0	0.0	3.1	713.0	10.0	3.23	3
0	0	0.0	1.1	253.0	0.0	0.0	3
0	0	0.0	0.8	184.0	0.0	0.0	3
0	0	0.0	0.9	207.0	0.0	0.0	3
0	0	0.0	0.3	69.0	0.0	0.0	3
0	0	0.0	8.1	1785.0	0.0	0.0	2
20	20	1.0	3.3	759.0	14.0	4.24	3
0	0	0.0	4.2	966.0	21.3	5.07	3
0	0	0.0	4.0	920.0	16.9	4.23	3
0	0	0.0	3.6	828.0	12.0	3.33	3
0	0	0.0	3.6	828.0	0.0	0.0	3
0	0	0.0	14.3	3286.7	0.0	0.0	2
0	0	0.0	5.2	1193.7	0.0	0.0	2
0	0	0.0	15.8	3494.0	0.0	0.0	2
0	0	0.0	1.5	324.0	0.0	0.0	2
0	0	0.0	1.4	322.0	16.1	11.5	3
0	0	0.0	2.1	483.0	14.2	6.76	3
0	0	0.0	0.1	23.0	13.4	134.0	3
3	3	1.0	0.6	138.0	12.4	20.67	3
0	0	0.0	0.3	69.0	0.0	0.0	3
0	0	0.0	1.1	253.0	0.0	0.0	3
0	0	0.0	2.9	644.0	0.0	0.0	2
2	2	1.0	1.6	347.0	0.0	0.0	2
0	0	0.0	0.1	23.0	0.0	0.0	3
0	0	0.0	3.8	874.0	3.3	0.87	3
5	4	0.8	5.2	1196.0	1.3	0.25	3
0	0	0.0	8.1	1840.0	0.0	0.0	2
0	0	0.0	5.9	1354.7	0.0	0.0	2
0	0	0.0	6.8	1564.0	0.0	0.0	3
0	0	0.0	4.8	1104.0	0.0	0.0	3
0	0	0.0	3.5	805.0	0.0	0.0	3
0	0	0.0	4.2	956.0	0.0	0.0	2
0	0	0.0	1.7	381.0	0.0	0.0	2
25	25	1.0	4.7	1081.0	17.4	3.7	3
0	0	0.0	4.2	966.0	27.8	6.62	3
0	0	0.0	5.4	1242.0	22.1	4.09	3
0	0	0.0	5.5	1265.0	14.9	2.71	3
0	0	0.0	2.1	483.0	0.0	0.0	3
0	0	0.0	2.0	460.0	0.0	0.0	3
0	0	0.0	8.6	1958.0	0.0	0.0	2
15	15	1.0	4.8	1079.4	0.4	0.08	2
2	2	1.0	0.4	92.0	0.0	0.0	3
0	0	0.0	0.9	207.0	12.6	14.0	3
0	0	0.0	0.7	161.0	12.1	17.29	3
0	0	0.0	1.5	343.85	11.2	7.47	2
0	0	0.0	1.8	412.85	8.0	4.44	2
0	0	0.0	1.2	276.0	0.0	0.0	3
0	0	0.0	1.7	391.0	0.0	0.0	3
0	0	0.0	2.4	532.0	0.0	0.0	2
8	8	1.0	6.0	1328.85	0.0	0.0	2
0	0	0.0	0.3	69.0	0.0	0.0	3
25	25	1.0	14.9	3427.0	17.8	1.19	3
25	12	0.48	8.3	1909.0	30.3	3.65	3
0	0	0.0	3.6	828.0	27.5	7.64	3
68	68	1.0	8.6	1978.0	47.9	5.57	3
0	0	0.0	7.2	1656.0	0.0	0.0	3
0	0	0.0	5.4	1242.0	0.0	0.0	3
0	0	0.0	7.7	1771.0	0.0	0.0	3
0	0	0.0	8.9	1987.0	0.0	0.0	2
0	0	0.0	0.5	115.0	0.0	0.0	3
100	100	1.0	5.4	1230.5	69.2	12.81	2
75	75	1.0	3.5	791.2	175.9	50.26	2
0	0	0.0	4.8	1104.0	192.5	40.1	3
50	50	1.0	0.1	23.0	185.1	1851.0	3
0	0	0.0	2.9	667.0	0.0	0.0	3
0	0	0.0	3.0	690.0	0.0	0.0	3
0	0	0.0	2.7	611.0	0.0	0.0	2
5	5	1.0	2.7	601.0	0.0	0.0	2
0	0	0.0	0.2	46.0	0.0	0.0	3
0	0	0.0	2.0	448.5	8.2	4.1	2
2	2	1.0	3.1	713.0	7.2	2.32	3
0	0	0.0	4.1	943.0	3.5	0.85	3
0	0	0.0	1.9	433.55	1.0	0.53	2
2	2	1.0	0.7	159.85	0.7	1.0	2
0	0	0.0	3.9	894.7	0.4	0.1	2
0	0	0.0	0.8	184.0	0.0	0.0	3
0	0	0.0	4.0	887.7	0.0	0.0	2
0	0	0.0	0.3	69.0	0.0	0.0	3
0	0	0.0	2.6	592.25	11.0	4.23	2
10	3	0.3	2.2	506.0	10.3	4.68	3
0	0	0.0	5.2	1161.5	8.4	1.62	2
0	0	0.0	4.0	920.0	2.7	0.68	3
0	0	0.0	4.1	943.0	0.0	0.0	3
0	0	0.0	4.4	977.5	0.0	0.0	2
0	0	0.0	6.9	1537.0	0.0	0.0	2
10	10	1.0	1.0	230.0	0.0	0.0	3
0	0	0.0	0.6	138.0	0.0	0.0	3
0	0	0.0	1.0	230.0	2.9	2.9	3
3	2	0.67	0.6	138.0	3.8	6.33	3
0	0	0.0	1.4	322.0	3.4	2.43	3
10	10	1.0	0.7	161.0	7.9	11.29	3
0	0	0.0	0.7	161.0	0.0	0.0	3
0	0	0.0	0.7	161.0	0.0	0.0	3
0	0	0.0	1.6	358.0	0.0	0.0	2
0	0	0.0	1.1	251.85	0.0	0.0	2
0	0	0.0	0.6	138.0	0.0	0.0	3
0	0	0.0	0.6	138.0	3.6	6.0	3
0	0	0.0	1.3	299.0	2.4	1.85	3
0	0	0.0	0.1	23.0	2.0	20.0	3
3	3	1.0	0.3	69.0	4.0	13.33	3
0	0	0.0	0.5	115.0	0.0	0.0	3
0	0	0.0	0.4	92.0	0.0	0.0	3
0	0	0.0	0.4	92.0	0.0	0.0	3
0	0	0.0	0.2	46.0	0.0	0.0	3
0	0	0.0	0.1	23.0	0.0	0.0	3
0	0	0.0	1.5	345.0	23.4	15.6	3
20	5	0.25	0.7	161.0	25.8	36.86	3
20	20	1.0	1.0	230.0	40.9	40.9	3
10	10	1.0	1.8	414.0	45.0	25.0	3
0	0	0.0	6.2	1426.0	0.0	0.0	3
6	6	1.0	17.0	3590.0	0.0	0.0	2
0	0	0.0	1.4	322.0	0.0	0.0	3
0	0	0.0	0.6	138.0	0.0	0.0	3
0	0	0.0	2.3	529.0	0.0	0.0	3
0	0	0.0	1.7	391.0	4.2	2.47	3
2	2	1.0	2.8	644.0	2.4	0.86	3
30	30	1.0	2.3	517.5	18.0	7.83	2
0	0	0.0	6.4	1472.0	22.5	3.52	3
0	0	0.0	0.8	184.0	0.0	0.0	3
0	0	0.0	0.5	115.0	0.0	0.0	3
0	0	0.0	1.1	253.0	0.0	0.0	3
0	0	0.0	4.6	978.0	0.0	0.0	2
0	0	0.0	0.1	23.0	0.0	0.0	3
0	0	0.0	3.0	690.0	6.8	2.27	3
4	3	0.75	3.2	736.0	6.1	1.91	3
8	8	1.0	2.3	529.0	9.4	4.09	3
7	7	1.0	3.4	782.0	10.9	3.21	3
4	4	1.0	1.5	345.0	1.7	1.13	3
5	5	1.0	3.2	736.0	3.1	0.97	3
0	0	0.0	3.7	851.0	2.2	0.59	3
0	0	0.0	1.8	414.0	0.2	0.11	3
0	0	0.0	0.1	23.0	0.0	0.0	3
0	0	0.0	2.2	506.0	7.8	3.55	3
50	4	0.08	1.0	230.0	10.4	10.4	3
60	60	1.0	5.0	1150.0	59.3	11.86	3
15	15	1.0	2.9	667.0	64.9	22.38	3
0	0	0.0	3.8	874.0	0.0	0.0	3
5	5	1.0	2.6	598.0	0.1	0.04	3
10	10	1.0	2.8	644.0	6.3	2.25	3
15	15	1.0	1.2	276.0	17.9	14.92	3
0	0	0.0	81.0	16390.0	0.0	0.0	2
0	0	0.0	2.2	506.0	0.6	0.27	3
3	3	1.0	0.2	46.0	2.0	10.0	3
5	5	1.0	1.1	253.0	5.7	5.18	3
5	5	1.0	1.8	414.0	8.3	4.61	3
0	0	0.0	0.7	161.0	0.0	0.0	3
0	0	0.0	1.9	437.0	0.0	0.0	3
0	0	0.0	1.8	414.0	0.0	0.0	3
5	5	1.0	3.1	713.0	0.0	0.0	3
0	0	0.0	1.0	230.0	0.0	0.0	3
0	0	0.0	0.2	46.0	1.3	6.5	3
0	0	0.0	0.0	0.0	1.3	99999.0	1
0	0	0.0	0.0	0.0	1.3	99999.0	1
4	4	1.0	0.0	0.0	3.4	99999.0	1
0	0	0.0	0.2	46.0	0.0	0.0	3
0	0	0.0	0.0	0.0	0.0	99999.0	1
0	0	0.0	0.0	0.0	0.0	99999.0	1
2	2	1.0	0.1	23.0	1.2	12.0	3
0	0	0.0	0.0	0.0	0.5	99999.0	1
0	0	0.0	0.1	23.0	9.0	90.0	3
0	0	0.0	1.1	253.0	8.2	7.45	3
0	0	0.0	2.5	575.0	6.7	2.68	3
10	10	1.0	1.6	368.0	6.5	4.06	3
0	0	0.0	0.5	115.0	0.0	0.0	3
0	0	0.0	0.8	184.0	0.0	0.0	3
0	0	0.0	0.2	46.0	0.0	0.0	3
0	0	0.0	0.3	69.0	0.0	0.0	3
0	0	0.0	0.0	0.0	0.0	99999.0	1
0	0	0.0	2.4	552.0	2.8	1.17	3
4	2	0.5	1.8	414.0	2.7	1.5	3
2	2	1.0	0.5	115.0	3.8	7.6	3
20	20	1.0	1.4	322.0	14.3	10.21	3
0	0	0.0	0.2	46.0	0.0	0.0	3
0	0	0.0	0.7	161.0	0.0	0.0	3
0	0	0.0	1.4	322.0	0.0	0.0	3
0	0	0.0	1.4	322.0	0.0	0.0	3
0	0	0.0	0.1	23.0	0.0	0.0	3
0	0	0.0	0.5	115.0	3.4	6.8	3
4	2	0.5	0.6	138.0	4.3	7.17	3
8	8	1.0	0.1	23.0	11.4	114.0	3
0	0	0.0	0.0	0.0	10.7	99999.0	1
0	0	0.0	0.3	69.0	0.0	0.0	3
0	0	0.0	1.3	299.0	0.0	0.0	3
0	0	0.0	0.2	46.0	0.0	0.0	3
0	0	0.0	2.1	483.0	0.0	0.0	3
0	0	0.0	0.1	23.0	0.0	0.0	3
0	0	0.0	555.2	112846.0	113.4	0.2	2
25	25	1.0	4.5	1035.0	52.0	11.56	3
10	10	1.0	6.9	1587.0	57.6	8.35	3
0	0	0.0	6.6	1518.0	45.3	6.86	3
5	5	1.0	6.2	1426.0	0.7	0.11	3
0	0	0.0	13.4	2839.0	0.0	0.0	2
0	0	0.0	6.5	1495.0	0.0	0.0	3
25	25	1.0	7.5	1725.0	0.2	0.03	3
0	0	0.0	3.1	659.0	0.0	0.0	2
0	0	0.0	1.6	368.0	8.0	5.0	3
10	5	0.5	6.5	1495.0	6.3	0.97	3
0	0	0.0	4.4	1012.0	3.6	0.82	3
0	0	0.0	1.3	299.0	0.2	0.15	3
10	10	1.0	3.0	690.0	6.7	2.23	3
5	5	1.0	5.4	1242.0	8.1	1.5	3
10	10	1.0	6.0	1380.0	11.1	1.85	3
10	10	1.0	4.8	1104.0	15.7	3.27	3
10	10	1.0	0.5	115.0	5.8	11.6	3
0	0	0.0	0.0	0.0	30.3	99999.0	1
0	0	0.0	2.3	506.0	28.1	12.22	2
0	0	0.0	4.3	946.0	27.0	6.28	2
0	0	0.0	5.7	1206.0	18.6	3.26	2
0	0	0.0	1.2	264.0	0.0	0.0	2
0	0	0.0	0.2	44.0	0.0	0.0	2
0	0	0.0	0.4	88.0	0.0	0.0	2
0	0	0.0	0.2	44.0	0.0	0.0	2
0	0	0.0	0.1	22.0	0.0	0.0	2
0	0	0.0	0.1	22.0	11.7	117.0	2
0	0	0.0	0.1	22.0	11.6	116.0	2
0	0	0.0	0.1	22.0	11.5	115.0	2
0	0	0.0	0.1	22.0	9.8	98.0	2
0	0	0.0	0.2	44.0	0.0	0.0	2
0	0	0.0	0.0	0.0	0.0	99999.0	1
0	0	0.0	0.0	0.0	0.0	99999.0	1
0	0	0.0	0.1	22.0	0.0	0.0	2
0	0	0.0	0.0	0.0	0.0	99999.0	1
0	0	0.0	1.4	322.0	4.8	3.43	3
2	2	1.0	1.2	276.0	4.2	3.5	3
2	2	1.0	0.0	0.0	5.8	99999.0	1
0	0	0.0	2.3	529.0	5.2	2.26	3
0	0	0.0	0.2	46.0	0.0	0.0	3
2	2	1.0	0.2	46.0	0.7	3.5	3
0	0	0.0	0.3	69.0	1.4	4.67	3
0	0	0.0	0.2	46.0	1.2	6.0	3
0	0	0.0	0.0	0.0	0.3	99999.0	1
0	0	0.0	0.3	69.0	17.4	58.0	3
0	0	0.0	0.7	161.0	16.9	24.14	3
4	4	1.0	0.9	207.0	19.6	21.78	3
15	15	1.0	0.4	92.0	27.6	69.0	3
0	0	0.0	0.7	161.0	0.0	0.0	3
0	0	0.0	2.5	575.0	0.0	0.0	3
0	0	0.0	21.6	4443.0	0.0	0.0	2
0	0	0.0	1.3	299.0	0.0	0.0	3
0	0	0.0	0.2	46.0	0.0	0.0	3
0	0	0.0	0.6	138.0	6.6	11.0	3
0	0	0.0	1.1	253.0	5.8	5.27	3
5	5	1.0	0.8	184.0	6.9	8.63	3
0	0	0.0	1.9	437.0	7.5	3.95	3
0	0	0.0	1.0	230.0	0.0	0.0	3
0	0	0.0	1.3	299.0	0.0	0.0	3
5	5	1.0	1.9	437.0	0.3	0.16	3
5	5	1.0	0.8	184.0	2.2	2.75	3
0	0	0.0	0.2	46.0	1.3	6.5	3
0	0	0.0	0.5	115.0	4.5	9.0	3
0	0	0.0	0.6	138.0	3.9	6.5	3
0	0	0.0	0.7	161.0	3.3	4.71	3
0	0	0.0	0.1	23.0	2.5	25.0	3
0	0	0.0	0.4	92.0	0.0	0.0	3
0	0	0.0	0.6	138.0	0.0	0.0	3
0	0	0.0	0.4	92.0	0.0	0.0	3
5	5	1.0	0.5	115.0	2.7	5.4	3
0	0	0.0	0.2	46.0	0.8	4.0	3
0	0	0.0	0.0	0.0	14.3	99999.0	1
0	0	0.0	0.0	0.0	14.3	99999.0	1
0	0	0.0	0.0	0.0	14.3	99999.0	1
0	0	0.0	0.0	0.0	12.3	99999.0	1
0	0	0.0	0.0	0.0	0.0	99999.0	1
0	0	0.0	0.0	0.0	0.0	99999.0	1
0	0	0.0	0.0	0.0	0.0	99999.0	1
0	0	0.0	0.0	0.0	0.0	99999.0	1
0	0	0.0	0.0	0.0	0.0	99999.0	1
0	0	0.0	1.6	368.0	11.9	7.44	3
5	3	0.6	3.0	690.0	12.0	4.0	3
0	0	0.0	2.5	575.0	8.8	3.52	3
5	5	1.0	1.4	322.0	10.3	7.36	3
0	0	0.0	3.2	736.0	0.0	0.0	3
0	0	0.0	4.2	966.0	0.0	0.0	3
10	10	1.0	3.0	690.0	0.2	0.07	3
0	0	0.0	2.1	483.0	0.0	0.0	3
5	5	1.0	0.3	69.0	0.3	1.0	3
0	0	0.0	4.9	1127.0	19.8	4.04	3
10	10	1.0	9.3	2139.0	19.4	2.09	3
10	10	1.0	2.3	529.0	25.5	11.09	3
0	0	0.0	5.2	1196.0	20.8	4.0	3
0	0	0.0	6.9	1587.0	0.0	0.0	3
0	0	0.0	12.3	2829.0	0.0	0.0	3
25	25	1.0	2.3	529.0	3.5	1.52	3
10	10	1.0	4.2	966.0	8.6	2.05	3
0	0	0.0	2.7	621.0	2.2	0.81	3
0	0	0.0	3.0	690.0	5.0	1.67	3
10	4	0.4	0.5	115.0	5.5	11.0	3
0	0	0.0	2.8	644.0	4.8	1.71	3
0	0	0.0	1.2	276.0	2.7	2.25	3
20	20	1.0	2.3	529.0	13.0	5.65	3
0	0	0.0	2.0	460.0	16.2	8.1	3
0	0	0.0	1.8	414.0	14.7	8.17	3
0	0	0.0	3.3	759.0	11.6	3.52	3
0	0	0.0	2.0	460.0	2.7	1.35	3
0	0	0.0	1.6	368.0	0.0	0.0	3
0	0	0.0	5.1	1173.0	0.0	0.0	3
0	0	0.0	3.3	759.0	0.0	0.0	3
0	0	0.0	5.0	1150.0	0.0	0.0	3
10	10	1.0	0.9	207.0	8.0	8.89	3
0	0	0.0	2.3	529.0	7.6	3.3	3
0	0	0.0	0.8	184.0	6.1	7.63	3
0	0	0.0	3.8	874.0	3.7	0.97	3
7	7	1.0	0.2	46.0	1.5	7.5	3
0	0	0.0	1.7	391.0	0.6	0.35	3
10	3	0.3	0.7	161.0	1.9	2.71	3
10	10	1.0	3.5	805.0	8.2	2.34	3
10	10	1.0	1.7	391.0	12.4	7.29	3
10	10	1.0	1.7	391.0	6.4	3.76	3
0	0	0.0	1.1	253.0	7.8	7.09	3
0	0	0.0	1.5	345.0	6.2	4.13	3
0	0	0.0	3.9	897.0	2.4	0.62	3
0	0	0.0	0.2	46.0	0.4	2.0	3
0	0	0.0	3.2	736.0	8.4	2.63	3
2	2	1.0	2.6	598.0	6.3	2.42	3
10	10	1.0	2.6	598.0	11.4	4.38	3
0	0	0.0	4.4	1012.0	9.6	2.18	3
10	10	1.0	2.4	552.0	6.1	2.54	3
0	0	0.0	0.3	69.0	7.5	25.0	3
0	0	0.0	0.4	92.0	7.1	17.75	3
0	0	0.0	0.5	115.0	6.5	13.0	3
0	0	0.0	0.1	23.0	1.8	18.0	3
0	0	0.0	0.1	23.0	3.1	31.0	3
0	0	0.0	0.0	0.0	3.0	99999.0	1
0	0	0.0	0.1	23.0	2.9	29.0	3
0	0	0.0	0.1	23.0	2.4	24.0	3
0	0	0.0	0.2	46.0	0.0	0.0	3
0	0	0.0	0.3	69.0	0.0	0.0	3
0	0	0.0	0.3	69.0	0.0	0.0	3
5	5	1.0	0.1	23.0	3.6	36.0	3
0	0	0.0	0.1	23.0	1.2	12.0	3
0	0	0.0	4.1	943.0	8.0	1.95	3
10	3	0.3	6.5	1495.0	4.5	0.69	3
20	20	1.0	20.5	4715.0	10.2	0.5	3
20	20	1.0	3.6	828.0	15.6	4.33	3
0	0	0.0	11.1	2553.0	0.0	0.0	3
6	6	1.0	7.7	1771.0	0.0	0.0	3
10	10	1.0	6.3	1449.0	0.0	0.0	3
10	10	1.0	8.5	1955.0	0.0	0.0	3
0	0	0.0	1.4	322.0	0.0	0.0	3
0	0	0.0	2.5	552.0	11.0	4.4	2
10	3	0.3	1.4	322.0	12.1	8.64	3
0	0	0.0	1.5	345.0	10.6	7.07	3
10	10	1.0	3.4	782.0	14.3	4.21	3
0	0	0.0	13.2	3036.0	0.0	0.0	3
20	20	1.0	1.1	230.0	5.3	4.82	2
0	0	0.0	2.3	483.0	5.2	2.26	2
0	0	0.0	6.6	1403.0	2.2	0.33	2
0	0	0.0	2.2	506.0	0.0	0.0	3
0	0	0.0	0.0	0.0	4.4	99999.0	1
2	2	1.0	0.1	23.0	5.5	55.0	3
0	0	0.0	0.2	46.0	6.2	31.0	3
2	2	1.0	0.0	0.0	6.1	99999.0	1
0	0	0.0	0.0	0.0	0.0	99999.0	1
0	0	0.0	0.0	0.0	0.0	99999.0	1
0	0	0.0	0.0	0.0	0.0	99999.0	1
0	0	0.0	0.1	23.0	0.0	0.0	3
0	0	0.0	0.0	0.0	0.0	99999.0	1
0	0	0.0	2.5	575.0	7.6	3.04	3
0	0	0.0	0.1	23.0	6.2	62.0	3
3	3	1.0	1.1	253.0	7.1	6.45	3
0	0	0.0	0.8	184.0	6.5	8.13	3
0	0	0.0	1.3	299.0	0.0	0.0	3
0	0	0.0	0.1	23.0	0.0	0.0	3
2	2	1.0	1.7	391.0	0.0	0.0	3
2	2	1.0	2.5	575.0	0.0	0.0	3
0	0	0.0	0.9	207.0	0.0	0.0	3
0	0	0.0	4.7	989.0	21.3	4.53	2
0	0	0.0	7.4	1564.0	15.8	2.14	2
10	10	1.0	3.5	782.0	19.9	5.69	2
10	10	1.0	7.3	1651.4	19.6	2.68	2
0	0	0.0	5.2	1113.2	0.0	0.0	2
0	0	0.0	4.4	920.0	0.0	0.0	2
10	10	1.0	7.5	1656.0	0.0	0.0	2
10	10	1.0	3.8	874.0	0.4	0.11	3
0	0	0.0	3.1	644.0	0.0	0.0	2
0	0	0.0	16.4	3608.0	50.3	3.07	2
25	25	1.0	22.7	4994.0	52.9	2.33	2
25	25	1.0	17.6	3872.0	57.7	3.28	2
100	0	0.0	25.9	5698.0	36.1	1.39	2
50	50	1.0	12.7	2794.0	34.1	2.69	2
0	0	0.0	9.6	2112.0	30.4	3.17	2
0	0	0.0	17.9	3938.0	17.6	0.98	2
40	40	1.0	20.4	4488.0	30.2	1.48	2
25	25	1.0	3.1	682.0	10.8	3.48	2
0	0	0.0	2.6	572.0	19.0	7.31	2
0	0	0.0	2.4	528.0	17.0	7.08	2
4	4	1.0	1.8	396.0	18.2	10.11	2
0	0	0.0	3.0	660.0	14.2	4.73	2
0	0	0.0	1.5	330.0	0.0	0.0	2
0	0	0.0	1.5	330.0	0.0	0.0	2
0	0	0.0	1.2	264.0	0.0	0.0	2
40	40	1.0	0.7	154.0	29.6	42.29	2
0	0	0.0	2.6	572.0	9.4	3.62	2
0	0	0.0	7.9	1738.0	11.8	1.49	2
5	5	1.0	3.0	660.0	10.4	3.47	2
4	4	1.0	3.6	792.0	10.9	3.03	2
6	6	1.0	12.6	2772.0	7.5	0.6	2
10	10	1.0	2.8	616.0	6.5	2.32	2
0	0	0.0	4.4	968.0	3.8	0.86	2
5	5	1.0	4.1	902.0	5.1	1.24	2
40	40	1.0	3.3	726.0	35.7	10.82	2
0	0	0.0	2.0	440.0	11.1	5.55	2
0	0	0.0	3.8	874.0	35.6	9.37	3
0	0	0.0	6.6	1518.0	30.8	4.67	3
10	10	1.0	3.7	851.0	34.4	9.3	3
0	0	0.0	5.2	1196.0	26.8	5.15	3
0	0	0.0	3.4	782.0	0.0	0.0	3
0	0	0.0	5.5	1265.0	0.0	0.0	3
10	10	1.0	6.5	1495.0	0.0	0.0	3
0	0	0.0	7.6	1748.0	0.0	0.0	3
20	20	1.0	0.8	184.0	0.8	1.0	3
0	0	0.0	6.0	1380.0	6.3	1.05	3
10	5	0.5	2.1	483.0	6.6	3.14	3
5	5	1.0	5.9	1357.0	6.7	1.14	3
5	5	1.0	8.4	1932.0	4.6	0.55	3
10	10	1.0	3.7	851.0	5.8	1.57	3
0	0	0.0	3.8	874.0	3.3	0.87	3
10	10	1.0	7.3	1679.0	5.3	0.73	3
10	10	1.0	8.7	2001.0	7.8	0.9	3
10	10	1.0	0.5	115.0	2.9	5.8	3
0	0	0.0	2.0	440.0	25.6	12.8	2
0	0	0.0	1.5	330.0	24.1	16.07	2
0	0	0.0	3.8	836.0	19.6	5.16	2
0	0	0.0	0.5	110.0	16.4	32.8	2
0	0	0.0	0.8	176.0	0.0	0.0	2
0	0	0.0	0.9	198.0	0.0	0.0	2
0	0	0.0	2.3	506.0	0.0	0.0	2
40	40	1.0	6.9	1518.0	25.7	3.72	2
0	0	0.0	0.4	88.0	8.2	20.5	2
0	0	0.0	6.6	1518.0	3.3	0.5	3
30	5	0.17	5.0	1150.0	2.1	0.42	3
10	10	1.0	0.9	207.0	8.3	9.22	3
5	5	1.0	9.1	2093.0	5.9	0.65	3
0	0	0.0	5.0	1150.0	0.0	0.0	3
10	10	1.0	0.0	0.0	4.3	99999.0	1
10	10	1.0	4.3	989.0	11.6	2.7	3
5	5	1.0	7.5	1725.0	10.7	1.43	3
20	20	1.0	1.7	391.0	4.9	2.88	3
0	0	0.0	2.1	483.0	10.2	4.86	3
5	5	1.0	4.2	966.0	11.6	2.76	3
10	10	1.0	4.6	1058.0	16.4	3.57	3
0	0	0.0	7.4	1702.0	10.0	1.35	3
0	0	0.0	3.3	759.0	0.0	0.0	3
4	4	1.0	2.0	460.0	0.0	0.0	3
5	5	1.0	3.2	736.0	0.4	0.13	3
5	5	1.0	4.5	1035.0	0.1	0.02	3
2	2	1.0	0.5	115.0	0.1	0.2	3
0	0	0.0	1.0	230.0	15.0	15.0	3
3	3	1.0	0.4	92.0	17.0	42.5	3
0	0	0.0	0.5	115.0	17.1	34.2	3
5	5	1.0	3.4	782.0	16.7	4.91	3
0	0	0.0	2.2	506.0	0.0	0.0	3
10	10	1.0	3.8	874.0	4.2	1.11	3
0	0	0.0	5.0	1150.0	0.6	0.12	3
5	5	1.0	1.9	437.0	2.0	1.05	3
0	0	0.0	0.4	92.0	0.4	1.0	3
0	0	0.0	4.7	1081.0	7.3	1.55	3
0	0	0.0	1.8	414.0	4.4	2.44	3
0	0	0.0	3.1	713.0	2.0	0.65	3
15	15	1.0	2.3	529.0	10.3	4.48	3
10	10	1.0	2.3	529.0	7.0	3.04	3
0	0	0.0	4.2	966.0	4.5	1.07	3
0	0	0.0	4.3	989.0	1.7	0.4	3
0	0	0.0	2.7	621.0	0.0	0.0	3
5	5	1.0	0.0	0.0	0.2	99999.0	1
0	0	0.0	3.8	874.0	12.2	3.21	3
5	5	1.0	3.6	828.0	11.5	3.19	3
20	20	1.0	4.9	1127.0	23.8	4.86	3
10	10	1.0	6.3	1449.0	25.1	3.98	3
0	0	0.0	4.3	989.0	0.0	0.0	3
0	0	0.0	3.1	713.0	0.0	0.0	3
0	0	0.0	4.2	961.4	0.0	0.0	2
0	0	0.0	8.3	1909.0	0.0	0.0	3
0	0	0.0	0.4	92.0	0.0	0.0	3
0	0	0.0	0.0	0.0	7.9	99999.0	1
0	0	0.0	0.3	69.0	7.7	25.67	3
0	0	0.0	0.0	0.0	7.6	99999.0	1
5	5	1.0	0.1	23.0	7.9	79.0	3
0	0	0.0	0.1	23.0	0.0	0.0	3
0	0	0.0	0.0	0.0	0.0	99999.0	1
0	0	0.0	1.2	276.0	0.0	0.0	3
0	0	0.0	0.0	0.0	0.0	99999.0	1
0	0	0.0	0.0	0.0	0.0	99999.0	1
0	0	0.0	0.4	92.0	5.0	12.5	3
0	0	0.0	0.1	23.0	4.7	47.0	3
0	0	0.0	0.2	46.0	4.6	23.0	3
10	10	1.0	0.1	23.0	8.1	81.0	3
0	0	0.0	0.4	92.0	0.0	0.0	3
0	0	0.0	0.2	46.0	0.0	0.0	3
0	0	0.0	0.1	23.0	0.0	0.0	3
0	0	0.0	5.1	1048.0	0.0	0.0	2
0	0	0.0	0.0	0.0	0.0	99999.0	1
0	0	0.0	1.5	345.0	16.2	10.8	3
0	0	0.0	0.0	0.0	15.6	99999.0	1
0	0	0.0	0.1	23.0	15.5	155.0	3
5	5	1.0	5.2	1071.0	14.6	2.81	2
0	0	0.0	0.2	46.0	0.0	0.0	3
0	0	0.0	0.0	0.0	0.0	99999.0	1
0	0	0.0	1.4	322.0	0.0	0.0	3
0	0	0.0	0.4	92.0	0.0	0.0	3
0	0	0.0	0.0	0.0	0.0	99999.0	1
0	0	0.0	0.5	115.0	3.0	6.0	3
0	0	0.0	0.6	138.0	2.3	3.83	3
5	5	1.0	0.7	161.0	3.9	5.57	3
0	0	0.0	1.0	230.0	4.9	4.9	3
0	0	0.0	0.3	69.0	0.0	0.0	3
0	0	0.0	0.5	115.0	0.0	0.0	3
0	0	0.0	0.5	115.0	0.0	0.0	3
0	0	0.0	0.4	92.0	0.0	0.0	3
0	0	0.0	0.0	0.0	0.0	99999.0	1
0	0	0.0	0.0	0.0	5.3	99999.0	1
0	0	0.0	0.0	0.0	5.3	99999.0	1
0	0	0.0	0.1	23.0	5.3	53.0	3
2	2	1.0	0.0	0.0	5.6	99999.0	1
0	0	0.0	0.0	0.0	0.0	99999.0	1
0	0	0.0	0.0	0.0	0.0	99999.0	1
0	0	0.0	0.0	0.0	0.0	99999.0	1
0	0	0.0	0.0	0.0	0.0	99999.0	1
0	0	0.0	0.0	0.0	0.0	99999.0	1
0	0	0.0	0.2	46.0	4.6	23.0	3
0	0	0.0	1.1	253.0	4.0	3.64	3
0	0	0.0	0.2	46.0	3.5	17.5	3
0	0	0.0	0.2	46.0	2.7	13.5	3
0	0	0.0	0.1	23.0	0.0	0.0	3
0	0	0.0	0.2	46.0	0.0	0.0	3
0	0	0.0	0.2	46.0	0.0	0.0	3
0	0	0.0	0.2	46.0	0.0	0.0	3
0	0	0.0	0.1	23.0	0.0	0.0	3
0	0	0.0	0.2	46.0	3.9	19.5	3
0	0	0.0	0.3	69.0	3.7	12.33	3
0	0	0.0	0.0	0.0	3.5	99999.0	1
6	6	1.0	0.0	0.0	7.3	99999.0	1
0	0	0.0	0.0	0.0	0.0	99999.0	1
0	0	0.0	0.0	0.0	0.0	99999.0	1
0	0	0.0	0.0	0.0	0.0	99999.0	1
0	0	0.0	0.5	115.0	0.0	0.0	3
0	0	0.0	0.1	23.0	0.0	0.0	3
0	0	0.0	0.0	0.0	3.7	99999.0	1
0	0	0.0	0.0	0.0	3.7	99999.0	1
0	0	0.0	0.0	0.0	3.7	99999.0	1
0	0	0.0	0.0	0.0	3.2	99999.0	1
0	0	0.0	0.0	0.0	0.0	99999.0	1
0	0	0.0	0.0	0.0	0.0	99999.0	1
0	0	0.0	0.1	23.0	0.0	0.0	3
0	0	0.0	0.0	0.0	0.0	99999.0	1
0	0	0.0	0.1	23.0	0.0	0.0	3
0	0	0.0	0.1	23.0	3.5	35.0	3
0	0	0.0	0.0	0.0	3.5	99999.0	1
0	0	0.0	0.0	0.0	3.5	99999.0	1
20	20	1.0	0.0	0.0	11.6	99999.0	1
0	0	0.0	0.0	0.0	0.0	99999.0	1
0	0	0.0	0.0	0.0	0.0	99999.0	1
0	0	0.0	0.1	23.0	0.0	0.0	3
0	0	0.0	0.0	0.0	0.0	99999.0	1
0	0	0.0	0.0	0.0	0.0	99999.0	1
5	5	1.0	0.0	0.0	3.6	99999.0	1
0	0	0.0	0.7	161.0	0.0	0.0	3
0	0	0.0	0.5	115.0	0.0	0.0	3
0	0	0.0	0.3	69.0	0.0	0.0	3
0	0	0.0	0.1	23.0	0.0	0.0	3
0	0	0.0	0.0	0.0	0.0	99999.0	1
0	0	0.0	0.2	46.0	5.8	29.0	3
0	0	0.0	0.1	23.0	5.7	57.0	3
0	0	0.0	0.3	69.0	5.3	17.67	3
0	0	0.0	0.0	0.0	4.5	99999.0	1
0	0	0.0	0.1	23.0	0.0	0.0	3
0	0	0.0	0.2	46.0	0.0	0.0	3
0	0	0.0	0.2	46.0	0.0	0.0	3
0	0	0.0	0.2	46.0	0.0	0.0	3
0	0	0.0	0.0	0.0	0.0	99999.0	1
0	0	0.0	0.2	46.0	7.6	38.0	3
0	0	0.0	2.3	529.0	6.3	2.74	3
0	0	0.0	0.0	0.0	5.1	99999.0	1
2	2	1.0	0.0	0.0	4.9	99999.0	1
0	0	0.0	0.0	0.0	0.0	99999.0	1
0	0	0.0	0.5	115.0	0.0	0.0	3
0	0	0.0	0.4	92.0	0.0	0.0	3
0	0	0.0	0.0	0.0	0.0	99999.0	1
0	0	0.0	0.0	0.0	0.0	99999.0	1
0	0	0.0	0.4	92.0	5.1	12.75	3
0	0	0.0	0.6	138.0	4.7	7.83	3
0	0	0.0	0.9	207.0	3.9	4.33	3
0	0	0.0	0.5	115.0	3.0	6.0	3
0	0	0.0	0.4	92.0	0.0	0.0	3
6	6	1.0	1.7	391.0	2.8	1.65	3
0	0	0.0	1.1	253.0	2.7	2.45	3
0	0	0.0	0.7	161.0	2.3	3.29	3
0	0	0.0	0.5	115.0	0.5	1.0	3
0	0	0.0	1.5	345.0	0.7	0.47	3
4	4	1.0	0.6	138.0	2.8	4.67	3
10	10	1.0	2.3	529.0	8.5	3.7	3
0	0	0.0	4.0	920.0	6.5	1.63	3
0	0	0.0	2.3	529.0	0.0	0.0	3
0	0	0.0	1.1	253.0	0.0	0.0	3
10	10	1.0	1.9	437.0	3.6	1.89	3
0	0	0.0	4.7	1081.0	1.4	0.3	3
0	0	0.0	0.4	92.0	0.0	0.0	3
0	0	0.0	1.7	388.7	1.3	0.76	2
2	2	1.0	0.9	202.4	1.3	1.44	2
6	6	1.0	1.6	365.7	4.5	2.81	2
4	4	1.0	1.8	411.7	6.3	3.5	2
0	0	0.0	0.3	66.7	0.0	0.0	2
0	0	0.0	0.9	202.4	0.0	0.0	2
0	0	0.0	1.3	299.0	0.0	0.0	3
0	0	0.0	2.3	529.0	0.0	0.0	3
0	0	0.0	0.2	46.0	0.0	0.0	3
0	0	0.0	0.2	46.0	5.1	25.5	3
0	0	0.0	0.1	23.0	4.9	49.0	3
0	0	0.0	0.3	69.0	4.7	15.67	3
0	0	0.0	0.5	115.0	3.8	7.6	3
0	0	0.0	0.2	46.0	0.0	0.0	3
0	0	0.0	0.6	138.0	0.0	0.0	3
2	2	1.0	0.2	46.0	0.4	2.0	3
0	0	0.0	0.0	0.0	0.9	99999.0	1
0	0	0.0	0.0	0.0	0.3	99999.0	1
0	0	0.0	0.0	0.0	2.1	99999.0	1
2	2	1.0	0.0	0.0	3.8	99999.0	1
1	1	1.0	0.1	23.0	4.9	49.0	3
0	0	0.0	4.0	840.0	3.1	0.78	2
3	3	1.0	0.1	23.0	2.5	25.0	3
3	3	1.0	0.0	0.0	5.5	99999.0	1
2	2	1.0	0.3	69.0	7.5	25.0	3
1	1	1.0	0.2	46.0	8.3	41.5	3
0	0	0.0	0.3	69.0	2.4	8.0	3
0	0	0.0	0.0	0.0	7.0	99999.0	1
0	0	0.0	0.1	23.0	7.0	70.0	3
22	22	1.0	0.1	23.0	16.3	163.0	3
0	0	0.0	0.1	23.0	24.6	246.0	3
0	0	0.0	0.3	69.0	0.0	0.0	3
0	0	0.0	0.4	92.0	0.0	0.0	3
0	0	0.0	0.4	92.0	0.0	0.0	3
0	0	0.0	2.0	437.0	0.0	0.0	2
0	0	0.0	0.0	0.0	0.0	99999.0	1
0	0	0.0	0.3	69.0	5.8	19.33	3
0	0	0.0	0.1	23.0	5.7	57.0	3
0	0	0.0	0.2	46.0	5.5	27.5	3
0	0	0.0	0.1	23.0	4.6	46.0	3
0	0	0.0	0.2	46.0	0.0	0.0	3
0	0	0.0	0.0	0.0	0.0	99999.0	1
0	0	0.0	0.0	0.0	0.0	99999.0	1
0	0	0.0	0.0	0.0	0.0	99999.0	1
0	0	0.0	0.0	0.0	0.0	99999.0	1
0	0	0.0	0.1	23.0	2.2	22.0	3
2	2	1.0	0.0	0.0	3.1	99999.0	1
0	0	0.0	1.3	299.0	3.4	2.62	3
0	0	0.0	0.2	46.0	2.5	12.5	3
0	0	0.0	0.0	0.0	0.0	99999.0	1
0	0	0.0	0.2	46.0	0.0	0.0	3
0	0	0.0	0.0	0.0	0.0	99999.0	1
0	0	0.0	0.2	46.0	0.0	0.0	3
0	0	0.0	0.0	0.0	0.0	99999.0	1
0	0	0.0	0.2	46.0	9.7	48.5	3
3	3	1.0	0.4	92.0	11.1	27.75	3
0	0	0.0	6.2	1426.0	10.0	1.61	3
0	0	0.0	1.6	368.0	4.4	2.75	3
0	0	0.0	1.4	322.0	0.0	0.0	3
6	6	1.0	0.0	0.0	2.6	99999.0	1
4	4	1.0	0.6	138.0	6.5	10.83	3
1	1	1.0	0.4	92.0	8.3	20.75	3
0	0	0.0	0.1	23.0	2.4	24.0	3
0	0	0.0	0.1	23.0	0.0	0.0	3
2	2	1.0	1.3	299.0	0.8	0.62	3
1	1	1.0	0.6	138.0	0.9	1.5	3
0	0	0.0	0.4	92.0	0.8	2.0	3
0	0	0.0	0.8	184.0	0.0	0.0	3
0	0	0.0	0.3	69.0	0.0	0.0	3
0	0	0.0	0.0	0.0	0.0	99999.0	1
0	0	0.0	3.3	724.5	0.0	0.0	2
0	0	0.0	0.0	0.0	0.0	99999.0	1
0	0	0.0	0.2	46.0	18.9	94.5	3
0	0	0.0	0.0	0.0	18.8	99999.0	1
0	0	0.0	1.1	253.0	18.6	16.91	3
0	0	0.0	0.0	0.0	15.2	99999.0	1
0	0	0.0	0.0	0.0	0.0	99999.0	1
0	0	0.0	0.0	0.0	0.0	99999.0	1
0	0	0.0	0.0	0.0	0.0	99999.0	1
0	0	0.0	0.0	0.0	0.0	99999.0	1
0	0	0.0	9.1	1989.5	0.0	0.0	2
0	0	0.0	0.3	69.0	12.2	40.67	3
0	0	0.0	4.2	966.0	9.8	2.33	3
0	0	0.0	2.6	598.0	6.2	2.38	3
3	3	1.0	0.5	115.0	6.3	12.6	3
5	5	1.0	0.1	23.0	4.2	42.0	3
3	3	1.0	1.0	230.0	6.6	6.6	3
0	0	0.0	0.5	115.0	6.4	12.8	3
0	0	0.0	0.0	0.0	6.4	99999.0	1
0	0	0.0	0.2	46.0	1.8	9.0	3
0	0	0.0	3.7	851.0	6.1	1.65	3
3	3	1.0	5.0	1150.0	4.5	0.9	3
4	4	1.0	3.0	690.0	3.3	1.1	3
4	4	1.0	4.9	1127.0	3.7	0.76	3
4	4	1.0	5.4	1242.0	0.0	0.0	3
2	2	1.0	2.7	621.0	0.0	0.0	3
5	5	1.0	1.1	251.85	0.9	0.82	2
2	2	1.0	3.6	828.0	0.8	0.22	3
0	0	0.0	0.2	46.0	0.0	0.0	3
0	0	0.0	1.5	345.0	7.0	4.67	3
0	0	0.0	0.3	69.0	6.2	20.67	3
3	3	1.0	0.6	138.0	8.4	14.0	3
2	2	1.0	0.4	92.0	8.5	21.25	3
2	2	1.0	0.0	0.0	1.7	99999.0	1
0	0	0.0	0.2	46.0	1.9	9.5	3
0	0	0.0	1.7	391.0	0.7	0.41	3
0	0	0.0	0.5	115.0	0.0	0.0	3
0	0	0.0	2.0	437.0	0.0	0.0	2
0	0	0.0	0.6	138.0	3.5	5.83	3
2	2	1.0	3.0	690.0	3.3	1.1	3
0	0	0.0	0.3	69.0	2.1	7.0	3
0	0	0.0	1.4	322.0	1.0	0.71	3
0	0	0.0	0.2	46.0	0.0	0.0	3
2	2	1.0	0.2	46.0	1.0	5.0	3
2	2	1.0	0.2	46.0	2.7	13.5	3
0	0	0.0	0.2	46.0	3.3	16.5	3
0	0	0.0	0.2	46.0	0.9	4.5	3
0	0	0.0	0.0	0.0	9.3	99999.0	1
0	0	0.0	0.0	0.0	9.3	99999.0	1
0	0	0.0	1.0	230.0	8.9	8.9	3
0	0	0.0	2.0	430.0	6.5	3.25	2
0	0	0.0	0.0	0.0	0.0	99999.0	1
0	0	0.0	0.0	0.0	0.0	99999.0	1
0	0	0.0	0.0	0.0	0.0	99999.0	1
0	0	0.0	0.0	0.0	0.0	99999.0	1
0	0	0.0	0.0	0.0	0.0	99999.0	1
3	3	1.0	1.1	253.0	3.4	3.09	3
2	2	1.0	0.0	0.0	5.5	99999.0	1
0	0	0.0	0.0	0.0	6.6	99999.0	1
3	3	1.0	5.4	1242.0	5.0	0.93	3
2	2	1.0	0.4	92.0	0.7	1.75	3
0	0	0.0	0.2	46.0	1.5	7.5	3
2	2	1.0	0.0	0.0	2.3	99999.0	1
0	0	0.0	0.2	46.0	3.4	17.0	3
0	0	0.0	0.0	0.0	0.9	99999.0	1
0	0	0.0	0.2	46.0	10.1	50.5	3
0	0	0.0	0.2	46.0	9.8	49.0	3
0	0	0.0	0.0	0.0	9.8	99999.0	1
0	0	0.0	1.1	238.0	8.1	7.36	2
0	0	0.0	0.0	0.0	0.0	99999.0	1
0	0	0.0	0.5	115.0	0.0	0.0	3
0	0	0.0	0.0	0.0	0.0	99999.0	1
0	0	0.0	0.0	0.0	0.0	99999.0	1
0	0	0.0	0.0	0.0	0.0	99999.0	1
0	0	0.0	2.0	460.0	1.2	0.6	3
2	2	1.0	0.0	0.0	0.9	99999.0	1
3	3	1.0	0.1	23.0	3.3	33.0	3
2	2	1.0	1.4	322.0	4.7	3.36	3
0	0	0.0	0.9	207.0	0.0	0.0	3
0	0	0.0	0.3	69.0	0.0	0.0	3
0	0	0.0	0.6	133.4	0.0	0.0	2
0	0	0.0	3.4	745.2	0.0	0.0	2
0	0	0.0	0.0	0.0	0.0	99999.0	1
0	0	0.0	0.2	46.0	4.8	24.0	3
0	0	0.0	0.1	23.0	4.6	46.0	3
0	0	0.0	0.0	0.0	4.6	99999.0	1
0	0	0.0	0.0	0.0	3.9	99999.0	1
0	0	0.0	0.0	0.0	0.0	99999.0	1
0	0	0.0	0.0	0.0	0.0	99999.0	1
0	0	0.0	0.2	46.0	0.0	0.0	3
0	0	0.0	0.0	0.0	0.0	99999.0	1
0	0	0.0	0.0	0.0	0.0	99999.0	1
0	0	0.0	0.0	0.0	0.0	99999.0	1
2	2	1.0	0.0	0.0	1.7	99999.0	1
4	4	1.0	1.5	345.0	4.8	3.2	3
0	0	0.0	0.2	46.0	3.7	18.5	3
0	0	0.0	0.3	69.0	0.0	0.0	3
0	0	0.0	0.5	115.0	0.0	0.0	3
0	0	0.0	0.9	207.0	0.0	0.0	3
0	0	0.0	0.1	23.0	0.0	0.0	3
2	2	1.0	0.2	46.0	0.0	0.0	3
0	0	0.0	0.1	23.0	1.6	16.0	3
0	0	0.0	0.0	0.0	1.5	99999.0	1
0	0	0.0	0.1	23.0	1.4	14.0	3
0	0	0.0	0.0	0.0	1.2	99999.0	1
1	1	1.0	0.2	46.0	0.5	2.5	3
0	0	0.0	0.3	69.0	0.6	2.0	3
0	0	0.0	0.0	0.0	0.5	99999.0	1
1	1	1.0	0.1	23.0	1.0	10.0	3
0	0	0.0	0.1	23.0	0.4	4.0	3
0	0	0.0	0.1	23.0	10.0	100.0	3
0	0	0.0	0.0	0.0	9.9	99999.0	1
0	0	0.0	0.0	0.0	9.9	99999.0	1
0	0	0.0	2.2	506.0	8.2	3.73	3
0	0	0.0	1.1	253.0	0.0	0.0	3
0	0	0.0	0.2	46.0	0.0	0.0	3
3	3	1.0	0.0	0.0	0.2	99999.0	1
0	0	0.0	0.0	0.0	0.5	99999.0	1
0	0	0.0	0.0	0.0	0.1	99999.0	1
0	0	0.0	0.0	0.0	5.8	99999.0	1
0	0	0.0	0.3	69.0	5.6	18.67	3
0	0	0.0	0.2	46.0	5.3	26.5	3
0	0	0.0	0.1	23.0	4.5	45.0	3
0	0	0.0	0.0	0.0	0.0	99999.0	1
0	0	0.0	0.2	46.0	0.0	0.0	3
4	4	1.0	0.1	23.0	2.1	21.0	3
0	0	0.0	0.3	69.0	3.4	11.33	3
0	0	0.0	0.1	23.0	1.0	10.0	3
0	0	0.0	2.7	621.0	11.2	4.15	3
4	4	1.0	7.1	1633.0	7.8	1.1	3
5	5	1.0	4.3	989.0	9.0	2.09	3
2	2	1.0	6.8	1564.0	4.5	0.66	3
6	6	1.0	2.4	552.0	3.1	1.29	3
4	4	1.0	2.1	483.0	5.0	2.38	3
5	5	1.0	0.4	92.0	8.7	21.75	3
2	2	1.0	0.4	92.0	11.0	27.5	3
0	0	0.0	0.0	0.0	3.3	99999.0	1
0	0	0.0	1.1	253.0	6.1	5.55	3
0	0	0.0	0.2	46.0	5.7	28.5	3
0	0	0.0	1.1	253.0	4.7	4.27	3
0	0	0.0	0.3	69.0	3.8	12.67	3
0	0	0.0	0.8	184.0	0.0	0.0	3
0	0	0.0	0.2	46.0	0.0	0.0	3
3	3	1.0	2.8	644.0	0.5	0.18	3
3	3	1.0	1.1	253.0	1.1	1.0	3
0	0	0.0	0.0	0.0	0.3	99999.0	1
0	0	0.0	1.6	368.0	7.5	4.69	3
2	2	1.0	0.1	23.0	7.6	76.0	3
0	0	0.0	0.4	92.0	8.1	20.25	3
0	0	0.0	0.5	115.0	6.7	13.4	3
0	0	0.0	0.6	138.0	0.0	0.0	3
0	0	0.0	1.6	356.5	0.0	0.0	2
0	0	0.0	3.6	795.0	0.0	0.0	2
5	5	1.0	0.1	23.0	0.0	0.0	3
0	0	0.0	0.0	0.0	0.0	99999.0	1
0	0	0.0	0.4	92.0	2.4	6.0	3
1	1	1.0	0.1	23.0	2.8	28.0	3
0	0	0.0	0.2	46.0	3.1	15.5	3
0	0	0.0	0.0	0.0	2.6	99999.0	1
0	0	0.0	0.2	46.0	0.0	0.0	3
0	0	0.0	0.0	0.0	0.0	99999.0	1
0	0	0.0	0.0	0.0	0.0	99999.0	1
0	0	0.0	0.2	46.0	0.0	0.0	3
0	0	0.0	0.1	23.0	0.0	0.0	3
0	0	0.0	0.1	23.0	3.2	32.0	3
0	0	0.0	1.2	276.0	2.6	2.17	3
2	2	1.0	0.2	46.0	3.4	17.0	3
0	0	0.0	1.7	391.0	2.6	1.53	3
0	0	0.0	0.1	23.0	0.0	0.0	3
0	0	0.0	0.6	138.0	0.0	0.0	3
0	0	0.0	0.6	138.0	0.0	0.0	3
0	0	0.0	0.0	0.0	0.0	99999.0	1
0	0	0.0	0.2	46.0	0.0	0.0	3
0	0	0.0	0.9	207.0	14.7	16.33	3
0	0	0.0	0.6	138.0	13.9	23.17	3
0	0	0.0	0.9	207.0	13.3	14.78	3
0	0	0.0	0.0	0.0	11.0	99999.0	1
5	5	1.0	2.7	621.0	2.8	1.04	3
0	0	0.0	0.8	184.0	1.8	2.25	3
0	0	0.0	0.1	23.0	1.4	14.0	3
0	0	0.0	3.4	782.0	0.5	0.15	3
0	0	0.0	0.2	46.0	0.0	0.0	3
0	0	0.0	0.1	23.0	5.3	53.0	3
20	2	0.1	0.3	69.0	6.2	20.67	3
0	0	0.0	0.0	0.0	7.0	99999.0	1
0	0	0.0	0.0	0.0	6.0	99999.0	1
20	20	1.0	0.0	0.0	11.4	99999.0	1
0	0	0.0	0.1	23.0	20.0	200.0	3
5	5	1.0	3.3	759.0	20.9	6.33	3
0	0	0.0	0.6	138.0	21.3	35.5	3
0	0	0.0	0.2	46.0	6.0	30.0	3
0	0	0.0	0.0	0.0	0.0	99999.0	1
5	5	1.0	2.5	575.0	3.5	1.4	3
6	6	1.0	2.5	575.0	5.8	2.32	3
10	10	1.0	6.0	1380.0	7.3	1.22	3
0	0	0.0	3.2	736.0	0.0	0.0	3
10	10	1.0	4.1	943.0	3.7	0.9	3
0	0	0.0	4.1	943.0	1.1	0.27	3
0	0	0.0	5.7	1311.0	0.0	0.0	3
0	0	0.0	0.4	92.0	0.0	0.0	3
0	0	0.0	2.4	552.0	83.1	34.63	3
7	7	1.0	58.3	11959.0	46.1	0.79	2
60	60	1.0	2.4	552.0	80.4	33.5	3
0	0	0.0	62.4	12852.0	39.7	0.64	2
0	0	0.0	0.7	161.0	0.0	0.0	3
0	0	0.0	0.9	207.0	0.0	0.0	3
0	0	0.0	5.6	1288.0	0.0	0.0	3
0	0	0.0	1.4	322.0	0.0	0.0	3
5	5	1.0	4.5	1035.0	0.0	0.0	3
0	0	0.0	1.8	414.0	9.7	5.39	3
10	4	0.4	2.8	644.0	10.2	3.64	3
5	5	1.0	1.7	391.0	13.0	7.65	3
3	3	1.0	12.7	2921.0	4.3	0.34	3
2	2	1.0	1.1	253.0	0.4	0.36	3
5	5	1.0	1.4	322.0	3.5	2.5	3
2	2	1.0	2.3	529.0	3.9	1.7	3
2	2	1.0	4.0	920.0	2.5	0.63	3
0	0	0.0	0.2	46.0	0.3	1.5	3
0	0	0.0	1.1	253.0	1.6	1.45	3
2	2	1.0	1.2	276.0	2.2	1.83	3
0	0	0.0	0.3	69.0	1.9	6.33	3
2	2	1.0	1.0	230.0	2.1	2.1	3
3	3	1.0	0.2	46.0	2.0	10.0	3
0	0	0.0	2.1	483.0	1.8	0.86	3
2	2	1.0	3.0	690.0	1.1	0.37	3
0	0	0.0	0.3	69.0	0.0	0.0	3
0	0	0.0	1.0	230.0	0.0	0.0	3
0	0	0.0	0.2	46.0	4.1	20.5	3
2	2	1.0	0.0	0.0	5.8	99999.0	1
0	0	0.0	0.0	0.0	6.1	99999.0	1
0	0	0.0	0.0	0.0	5.2	99999.0	1
0	0	0.0	0.0	0.0	0.0	99999.0	1
0	0	0.0	0.1	23.0	0.0	0.0	3
0	0	0.0	0.0	0.0	0.0	99999.0	1
0	0	0.0	0.0	0.0	0.0	99999.0	1
0	0	0.0	0.0	0.0	0.0	99999.0	1
0	0	0.0	0.0	0.0	1.0	99999.0	1
2	2	1.0	0.0	0.0	1.9	99999.0	1
0	0	0.0	0.1	23.0	3.0	30.0	3
0	0	0.0	0.0	0.0	2.5	99999.0	1
4	4	1.0	3.1	713.0	0.4	0.13	3
0	0	0.0	0.0	0.0	0.9	99999.0	1
0	0	0.0	0.3	69.0	0.7	2.33	3
0	0	0.0	0.0	0.0	0.6	99999.0	1
0	0	0.0	0.2	46.0	0.1	0.5	3
0	0	0.0	0.0	0.0	3.3	99999.0	1
2	2	1.0	0.0	0.0	5.3	99999.0	1
3	3	1.0	0.0	0.0	8.3	99999.0	1
5	5	1.0	0.0	0.0	11.4	99999.0	1
0	0	0.0	0.0	0.0	0.0	99999.0	1
0	0	0.0	0.0	0.0	0.0	99999.0	1
0	0	0.0	0.0	0.0	0.0	99999.0	1
0	0	0.0	0.0	0.0	0.0	99999.0	1
0	0	0.0	0.0	0.0	0.0	99999.0	1
0	0	0.0	1.5	345.0	2.5	1.67	3
3	3	1.0	0.9	207.0	2.6	2.89	3
4	4	1.0	1.2	276.0	4.8	4.0	3
2	2	1.0	2.7	621.0	4.1	1.52	3
1	1	1.0	1.0	230.0	0.2	0.2	3
0	0	0.0	1.3	299.0	0.0	0.0	3
0	0	0.0	0.1	23.0	0.0	0.0	3
0	0	0.0	0.2	46.0	0.0	0.0	3
0	0	0.0	1.1	253.0	0.0	0.0	3
0	0	0.0	0.1	23.0	2.1	21.0	3
2	2	1.0	0.0	0.0	3.0	99999.0	1
0	0	0.0	0.1	23.0	4.0	40.0	3
0	0	0.0	0.7	161.0	3.3	4.71	3
0	0	0.0	0.0	0.0	0.0	99999.0	1
0	0	0.0	0.0	0.0	0.0	99999.0	1
1	1	1.0	0.0	0.0	0.2	99999.0	1
0	0	0.0	0.0	0.0	0.5	99999.0	1
0	0	0.0	0.0	0.0	0.1	99999.0	1
0	0	0.0	0.2	46.0	9.9	49.5	3
0	0	0.0	0.3	69.0	9.6	32.0	3
0	0	0.0	0.2	46.0	9.4	47.0	3
0	0	0.0	1.8	414.0	7.6	4.22	3
0	0	0.0	0.3	69.0	0.0	0.0	3
0	0	0.0	0.4	92.0	0.0	0.0	3
0	0	0.0	0.3	69.0	0.0	0.0	3
0	0	0.0	0.8	184.0	0.0	0.0	3
0	0	0.0	0.2	46.0	0.0	0.0	3
2	2	1.0	0.0	0.0	1.1	99999.0	1
0	0	0.0	0.0	0.0	2.0	99999.0	1
0	0	0.0	0.0	0.0	1.7	99999.0	1
0	0	0.0	0.0	0.0	9.0	99999.0	1
0	0	0.0	0.0	0.0	9.0	99999.0	1
0	0	0.0	0.0	0.0	9.0	99999.0	1
0	0	0.0	0.4	92.0	7.5	18.75	3
0	0	0.0	0.2	46.0	0.0	0.0	3
0	0	0.0	0.4	92.0	0.0	0.0	3
0	0	0.0	0.2	46.0	0.0	0.0	3
0	0	0.0	0.3	65.55	0.0	0.0	2
0	0	0.0	0.0	0.0	0.0	99999.0	1
0	0	0.0	0.0	0.0	47.0	99999.0	1
0	0	0.0	0.0	0.0	47.0	99999.0	1
0	0	0.0	0.0	0.0	47.0	99999.0	1
0	0	0.0	0.0	0.0	40.3	99999.0	1
0	0	0.0	0.0	0.0	0.0	99999.0	1
0	0	0.0	0.0	0.0	0.0	99999.0	1
0	0	0.0	0.0	0.0	0.0	99999.0	1
0	0	0.0	0.0	0.0	0.0	99999.0	1
0	0	0.0	0.0	0.0	0.0	99999.0	1
0	0	0.0	1.3	286.0	3.7	2.85	2
0	0	0.0	1.3	286.0	2.2	1.69	2
0	0	0.0	0.2	44.0	1.7	8.5	2
0	0	0.0	0.3	66.0	1.3	4.33	2
10	10	1.0	0.8	176.0	8.1	10.13	2
5	5	1.0	1.3	286.0	12.2	9.38	2
0	0	0.0	4.1	902.0	9.9	2.41	2
0	0	0.0	3.3	726.0	7.0	2.12	2
0	0	0.0	0.4	88.0	1.4	3.5	2
0	0	0.0	0.0	0.0	9.9	99999.0	1
0	0	0.0	0.0	0.0	9.9	99999.0	1
0	0	0.0	1.2	264.0	9.3	7.75	2
0	0	0.0	0.6	132.0	7.2	12.0	2
0	0	0.0	0.1	22.0	0.0	0.0	2
0	0	0.0	0.1	22.0	0.0	0.0	2
0	0	0.0	0.0	0.0	0.0	99999.0	1
0	0	0.0	0.0	0.0	0.0	99999.0	1
0	0	0.0	0.0	0.0	0.0	99999.0	1
0	0	0.0	0.0	0.0	10.2	99999.0	1
0	0	0.0	0.0	0.0	10.2	99999.0	1
0	0	0.0	0.2	44.0	10.1	50.5	2
0	0	0.0	0.0	0.0	8.6	99999.0	1
0	0	0.0	5.0	1020.0	0.0	0.0	2
0	0	0.0	0.0	0.0	0.0	99999.0	1
0	0	0.0	1.1	224.4	0.0	0.0	2
0	0	0.0	0.0	0.0	0.0	99999.0	1
0	0	0.0	0.0	0.0	0.0	99999.0	1
0	0	0.0	0.8	184.0	1.7	2.13	3
0	0	0.0	0.1	23.0	1.5	15.0	3
0	0	0.0	0.3	69.0	1.2	4.0	3
6	6	1.0	0.3	69.0	5.3	17.67	3
0	0	0.0	0.2	46.0	0.0	0.0	3
0	0	0.0	0.3	69.0	0.0	0.0	3
0	0	0.0	0.1	23.0	0.0	0.0	3
0	0	0.0	0.1	23.0	0.0	0.0	3
0	0	0.0	0.1	23.0	0.0	0.0	3
0	0	0.0	1.0	230.0	3.5	3.5	3
0	0	0.0	0.0	0.0	3.2	99999.0	1
0	0	0.0	0.0	0.0	3.2	99999.0	1
4	4	1.0	0.0	0.0	3.9	99999.0	1
0	0	0.0	0.1	23.0	0.0	0.0	3
0	0	0.0	0.0	0.0	0.0	99999.0	1
0	0	0.0	0.0	0.0	0.0	99999.0	1
0	0	0.0	0.0	0.0	0.0	99999.0	1
0	0	0.0	0.0	0.0	0.0	99999.0	1
0	0	0.0	0.0	0.0	0.5	99999.0	1
0	0	0.0	0.0	0.0	0.5	99999.0	1
0	0	0.0	0.0	0.0	0.5	99999.0	1
2	2	1.0	0.0	0.0	1.6	99999.0	1
0	0	0.0	0.0	0.0	0.0	99999.0	1
0	0	0.0	0.0	0.0	0.0	99999.0	1
0	0	0.0	0.0	0.0	0.0	99999.0	1
0	0	0.0	0.0	0.0	0.0	99999.0	1
0	0	0.0	0.0	0.0	0.0	99999.0	1
0	0	0.0	0.2	46.0	1.9	9.5	3
0	0	0.0	0.0	0.0	1.9	99999.0	1
0	0	0.0	0.0	0.0	1.9	99999.0	1
2	2	1.0	0.0	0.0	2.2	99999.0	1
0	0	0.0	0.0	0.0	0.0	99999.0	1
0	0	0.0	0.1	23.0	0.0	0.0	3
0	0	0.0	0.0	0.0	0.0	99999.0	1
0	0	0.0	0.0	0.0	0.0	99999.0	1
0	0	0.0	0.0	0.0	0.0	99999.0	1
0	0	0.0	0.0	0.0	1.3	99999.0	1
0	0	0.0	0.2	46.0	1.3	6.5	3
0	0	0.0	0.0	0.0	1.1	99999.0	1
3	3	1.0	0.0	0.0	1.8	99999.0	1
0	0	0.0	0.1	23.0	0.0	0.0	3
0	0	0.0	0.1	23.0	0.0	0.0	3
0	0	0.0	0.0	0.0	0.0	99999.0	1
2	2	1.0	0.1	23.0	0.7	7.0	3
0	0	0.0	0.1	23.0	0.5	5.0	3
0	0	0.0	0.2	46.0	2.5	12.5	3
0	0	0.0	0.0	0.0	2.4	99999.0	1
0	0	0.0	0.0	0.0	2.4	99999.0	1
2	2	1.0	0.2	46.0	2.5	12.5	3
0	0	0.0	0.1	23.0	0.0	0.0	3
0	0	0.0	0.0	0.0	0.0	99999.0	1
0	0	0.0	0.0	0.0	0.0	99999.0	1
0	0	0.0	0.1	23.0	0.0	0.0	3
0	0	0.0	0.0	0.0	0.0	99999.0	1
0	0	0.0	0.3	69.0	3.7	12.33	3
0	0	0.0	0.2	46.0	3.4	17.0	3
0	0	0.0	3.3	723.35	2.7	0.82	2
0	0	0.0	0.5	113.85	0.0	0.0	2
0	0	0.0	0.1	23.0	0.0	0.0	3
0	0	0.0	0.1	23.0	0.0	0.0	3
0	0	0.0	0.1	23.0	0.0	0.0	3
3	3	1.0	2.0	437.0	0.6	0.3	2
0	0	0.0	0.0	0.0	0.2	99999.0	1
0	0	0.0	2.9	667.0	13.4	4.62	3
0	0	0.0	2.7	621.0	10.5	3.89	3
5	5	1.0	0.7	161.0	13.0	18.57	3
5	5	1.0	3.4	782.0	13.2	3.88	3
3	3	1.0	3.3	759.0	0.3	0.09	3
5	5	1.0	4.9	1127.0	2.5	0.51	3
5	5	1.0	1.2	276.0	3.6	3.0	3
0	0	0.0	2.2	506.0	2.0	0.91	3
5	5	1.0	1.3	299.0	0.8	0.62	3
0	0	0.0	0.6	138.0	10.5	17.5	3
0	0	0.0	0.1	23.0	10.0	100.0	3
5	5	1.0	0.8	184.0	13.9	17.38	3
6	6	1.0	0.5	115.0	16.3	32.6	3
0	0	0.0	0.8	184.0	0.0	0.0	3
0	0	0.0	1.4	322.0	0.0	0.0	3
0	0	0.0	0.3	69.0	0.0	0.0	3
5	5	1.0	1.0	230.0	1.5	1.5	3
0	0	0.0	0.1	23.0	0.4	4.0	3
0	0	0.0	0.5	115.0	9.2	18.4	3
0	0	0.0	0.3	69.0	8.8	29.33	3
0	0	0.0	0.4	92.0	8.5	21.25	3
0	0	0.0	0.3	69.0	6.9	23.0	3
0	0	0.0	0.2	46.0	0.0	0.0	3
0	0	0.0	0.0	0.0	0.0	99999.0	1
0	0	0.0	0.1	23.0	0.0	0.0	3
0	0	0.0	0.3	69.0	0.0	0.0	3
0	0	0.0	0.0	0.0	0.0	99999.0	1
0	0	0.0	3.7	851.0	16.4	4.43	3
20	5	0.25	2.6	598.0	17.4	6.69	3
20	20	1.0	1.7	391.0	32.1	18.88	3
0	0	0.0	5.2	1196.0	27.1	5.21	3
10	10	1.0	2.2	506.0	6.7	3.05	3
0	0	0.0	2.3	529.0	6.4	2.78	3
0	0	0.0	4.0	920.0	4.1	1.03	3
0	0	0.0	6.5	1495.0	0.3	0.05	3
0	0	0.0	1.0	230.0	0.0	0.0	3
0	0	0.0	1.4	322.0	22.1	15.79	3
0	0	0.0	2.0	460.0	20.1	10.05	3
0	0	0.0	3.2	716.0	16.9	5.28	2
0	0	0.0	0.4	92.0	13.7	34.25	3
0	0	0.0	0.3	69.0	0.0	0.0	3
0	0	0.0	0.8	184.0	0.0	0.0	3
0	0	0.0	2.8	644.0	0.0	0.0	3
0	0	0.0	1.2	276.0	0.0	0.0	3
0	0	0.0	0.4	92.0	0.0	0.0	3
0	0	0.0	0.2	46.0	8.1	40.5	3
0	0	0.0	1.0	230.0	7.1	7.1	3
0	0	0.0	2.0	460.0	5.4	2.7	3
0	0	0.0	0.1	23.0	4.4	44.0	3
0	0	0.0	0.4	92.0	0.0	0.0	3
2	2	1.0	0.0	0.0	1.3	99999.0	1
0	0	0.0	0.2	46.0	1.3	6.5	3
0	0	0.0	0.1	23.0	1.2	12.0	3
0	0	0.0	0.1	23.0	0.3	3.0	3
0	0	0.0	0.3	69.0	18.8	62.67	3
0	0	0.0	0.3	69.0	18.4	61.33	3
1	1	1.0	0.2	46.0	19.0	95.0	3
0	0	0.0	0.6	138.0	16.2	27.0	3
0	0	0.0	0.1	23.0	0.0	0.0	3
0	0	0.0	0.5	115.0	0.0	0.0	3
0	0	0.0	0.8	184.0	0.0	0.0	3
0	0	0.0	0.2	46.0	0.0	0.0	3
1	1	1.0	0.7	161.0	0.0	0.0	3
0	0	0.0	0.1	23.0	1.3	13.0	3
2	2	1.0	0.1	23.0	2.9	29.0	3
0	0	0.0	0.4	92.0	2.8	7.0	3
2	2	1.0	1.1	253.0	3.0	2.73	3
0	0	0.0	0.4	92.0	0.0	0.0	3
0	0	0.0	1.2	276.0	0.0	0.0	3
0	0	0.0	0.0	0.0	0.0	99999.0	1
0	0	0.0	0.0	0.0	0.0	99999.0	1
2	2	1.0	0.0	0.0	0.1	99999.0	1
0	0	0.0	0.2	46.0	8.0	40.0	3
0	0	0.0	2.3	529.0	6.0	2.61	3
3	3	1.0	1.0	230.0	6.0	6.0	3
0	0	0.0	0.0	0.0	6.5	99999.0	1
0	0	0.0	0.3	69.0	0.0	0.0	3
0	0	0.0	0.1	23.0	0.0	0.0	3
0	0	0.0	0.7	161.0	0.0	0.0	3
2	2	1.0	0.0	0.0	0.4	99999.0	1
0	0	0.0	0.4	92.0	0.1	0.25	3
0	0	0.0	0.0	0.0	16.2	99999.0	1
2	2	1.0	0.1	23.0	17.0	170.0	3
0	0	0.0	0.2	46.0	18.0	90.0	3
0	0	0.0	0.1	23.0	15.3	153.0	3
0	0	0.0	0.2	46.0	0.0	0.0	3
0	0	0.0	0.1	23.0	0.0	0.0	3
0	0	0.0	0.0	0.0	0.0	99999.0	1
0	0	0.0	0.2	46.0	0.0	0.0	3
0	0	0.0	0.0	0.0	0.0	99999.0	1
0	0	0.0	0.5	115.0	10.4	20.8	3
0	0	0.0	0.1	23.0	10.3	103.0	3
0	0	0.0	0.5	115.0	9.9	19.8	3
0	0	0.0	0.3	69.0	8.3	27.67	3
0	0	0.0	0.0	0.0	0.0	99999.0	1
0	0	0.0	0.0	0.0	0.0	99999.0	1
0	0	0.0	0.0	0.0	0.0	99999.0	1
0	0	0.0	0.1	23.0	0.0	0.0	3
0	0	0.0	0.1	23.0	0.0	0.0	3
0	0	0.0	0.5	115.0	8.9	17.8	3
0	0	0.0	0.0	0.0	8.7	99999.0	1
0	0	0.0	0.2	46.0	8.5	42.5	3
0	0	0.0	0.0	0.0	7.3	99999.0	1
0	0	0.0	1.0	230.0	0.0	0.0	3
0	0	0.0	0.0	0.0	0.0	99999.0	1
0	0	0.0	0.1	23.0	0.0	0.0	3
0	0	0.0	0.1	23.0	0.0	0.0	3
0	0	0.0	0.0	0.0	0.0	99999.0	1
0	0	0.0	0.1	23.0	9.8	98.0	3
0	0	0.0	0.7	161.0	9.5	13.57	3
0	0	0.0	1.3	299.0	8.3	6.38	3
0	0	0.0	1.6	368.0	6.0	3.75	3
0	0	0.0	0.7	161.0	0.0	0.0	3
0	0	0.0	0.1	23.0	0.0	0.0	3
0	0	0.0	0.6	138.0	0.0	0.0	3
0	0	0.0	0.7	161.0	0.0	0.0	3
0	0	0.0	0.3	69.0	0.0	0.0	3
0	0	0.0	0.4	92.0	17.2	43.0	3
0	0	0.0	1.3	299.0	16.1	12.38	3
0	0	0.0	2.0	460.0	14.4	7.2	3
2	2	1.0	0.2	46.0	12.2	61.0	3
0	0	0.0	0.5	115.0	0.0	0.0	3
0	0	0.0	2.0	460.0	0.0	0.0	3
0	0	0.0	7.4	1576.0	0.0	0.0	2
0	0	0.0	0.1	23.0	0.0	0.0	3
0	0	0.0	0.3	69.0	0.0	0.0	3
0	0	0.0	0.3	69.0	12.1	40.33	3
0	0	0.0	0.1	23.0	11.9	119.0	3
0	0	0.0	1.0	230.0	11.8	11.8	3
0	0	0.0	0.2	46.0	9.2	46.0	3
0	0	0.0	0.1	23.0	0.0	0.0	3
0	0	0.0	0.1	23.0	0.0	0.0	3
0	0	0.0	0.7	161.0	0.0	0.0	3
0	0	0.0	0.1	23.0	0.0	0.0	3
0	0	0.0	0.0	0.0	0.0	99999.0	1
0	0	0.0	6.6	1452.0	9.3	1.41	2
14	5	0.36	1.7	374.0	10.5	6.18	2
25	25	1.0	6.4	1408.0	27.3	4.27	2
0	0	0.0	9.5	2090.0	19.4	2.04	2
10	10	1.0	4.2	924.0	4.0	0.95	2
0	0	0.0	3.9	858.0	1.9	0.49	2
0	0	0.0	1.9	418.0	0.0	0.0	2
40	40	1.0	3.6	792.0	30.3	8.42	2
0	0	0.0	1.0	220.0	9.5	9.5	2
0	0	0.0	6.2	1364.0	40.4	6.52	2
7	7	1.0	13.5	2970.0	34.6	2.56	2
30	30	1.0	14.3	3146.0	48.5	3.39	2
0	0	0.0	8.9	1958.0	36.4	4.09	2
10	10	1.0	9.4	2068.0	2.2	0.23	2
10	10	1.0	17.3	3806.0	3.1	0.18	2
10	10	1.0	4.5	990.0	0.3	0.07	2
40	40	1.0	9.9	2178.0	25.4	2.57	2
0	0	0.0	2.9	638.0	7.2	2.48	2
0	0	0.0	7.1	1562.0	19.6	2.76	2
0	0	0.0	10.2	2244.0	9.6	0.94	2
12	12	1.0	12.7	2794.0	9.3	0.73	2
10	10	1.0	15.4	3388.0	5.3	0.34	2
15	15	1.0	7.6	1672.0	9.0	1.18	2
0	0	0.0	7.6	1672.0	1.7	0.22	2
17	17	1.0	4.6	1012.0	12.2	2.65	2
40	40	1.0	4.6	1012.0	43.4	9.43	2
0	0	0.0	1.1	242.0	13.3	12.09	2
0	0	0.0	13.4	2948.0	7.4	0.55	2
20	5	0.25	6.0	1320.0	1.9	0.32	2
40	40	1.0	3.4	748.0	32.9	9.68	2
100	100	1.0	11.1	2442.0	98.6	8.88	2
0	0	0.0	9.9	2178.0	0.0	0.0	2
0	0	0.0	4.9	1078.0	0.0	0.0	2
0	0	0.0	10.5	2310.0	0.0	0.0	2
25	25	1.0	9.0	1980.0	0.0	0.0	2
25	25	1.0	2.2	484.0	1.6	0.73	2
0	0	0.0	17.3	3806.0	28.7	1.66	2
7	7	1.0	13.2	2904.0	19.3	1.46	2
20	20	1.0	16.1	3542.0	24.0	1.49	2
40	40	1.0	13.7	3014.0	38.4	2.8	2
0	0	0.0	15.3	3366.0	0.0	0.0	2
20	20	1.0	10.5	2310.0	0.0	0.0	2
10	10	1.0	13.7	3014.0	0.0	0.0	2
40	40	1.0	14.6	3212.0	16.2	1.11	2
0	0	0.0	4.4	968.0	3.1	0.7	2
0	0	0.0	0.1	22.0	0.0	0.0	2
50	50	1.0	17.7	3894.0	36.0	2.03	2
50	50	1.0	27.5	6050.0	61.1	2.22	2
25	25	1.0	9.4	2068.0	61.8	6.57	2
0	0	0.0	21.0	4620.0	0.0	0.0	2
0	0	0.0	15.0	3300.0	0.0	0.0	2
50	50	1.0	32.5	7150.0	0.0	0.0	2
30	30	1.0	19.0	4180.0	0.1	0.01	2
20	20	1.0	1.9	418.0	1.3	0.68	2
0	0	0.0	4.7	1034.0	37.0	7.87	2
0	0	0.0	6.1	1342.0	31.3	5.13	2
0	0	0.0	6.8	1496.0	25.3	3.72	2
10	10	1.0	11.9	2618.0	21.3	1.79	2
10	10	1.0	8.8	1936.0	3.8	0.43	2
25	25	1.0	4.8	1056.0	19.5	4.06	2
25	25	1.0	3.6	792.0	40.3	11.19	2
40	40	1.0	9.2	2024.0	70.0	7.61	2
0	0	0.0	2.7	594.0	20.2	7.48	2
0	0	0.0	1.5	330.0	2.3	1.53	2
4	4	1.0	1.5	330.0	3.9	2.6	2
10	10	1.0	3.1	682.0	11.6	3.74	2
0	0	0.0	2.5	550.0	8.7	3.48	2
5	5	1.0	1.9	418.0	3.5	1.84	2
0	0	0.0	1.5	330.0	2.1	1.4	2
0	0	0.0	2.2	484.0	0.3	0.14	2
40	40	1.0	0.5	110.0	33.5	67.0	2
0	0	0.0	0.0	0.0	11.1	99999.0	1
0	0	0.0	13.2	2904.0	16.1	1.22	2
20	7	0.35	11.7	2574.0	8.3	0.71	2
40	40	1.0	8.7	1914.0	31.8	3.66	2
0	0	0.0	20.2	4444.0	19.5	0.97	2
40	40	1.0	10.8	2376.0	26.9	2.49	2
0	0	0.0	10.5	2310.0	22.3	2.12	2
0	0	0.0	9.6	2112.0	11.7	1.22	2
50	50	1.0	12.6	2772.0	43.7	3.47	2
20	20	1.0	2.0	440.0	15.4	7.7	2
0	0	0.0	24.9	5478.0	62.4	2.51	2
50	12	0.24	26.2	5764.0	46.0	1.76	2
50	50	1.0	12.7	2794.0	77.3	6.09	2
100	100	1.0	37.7	8294.0	119.4	3.17	2
0	0	0.0	15.2	3344.0	0.0	0.0	2
0	0	0.0	29.5	6490.0	0.0	0.0	2
50	50	1.0	15.9	3498.0	0.1	0.01	2
50	50	1.0	18.7	4114.0	21.8	1.17	2
0	0	0.0	6.6	1452.0	4.6	0.7	2
0	0	0.0	13.3	2926.0	2.6	0.2	2
3	3	1.0	3.0	660.0	1.7	0.57	2
15	15	1.0	3.4	748.0	11.3	3.32	2
0	0	0.0	10.5	2310.0	4.2	0.4	2
15	15	1.0	3.5	770.0	9.2	2.63	2
0	0	0.0	3.3	726.0	7.5	2.27	2
0	0	0.0	4.6	1012.0	3.1	0.67	2
40	40	1.0	4.1	902.0	32.8	8.0	2
0	0	0.0	1.2	264.0	10.4	8.67	2
0	0	0.0	10.2	2244.0	49.9	4.89	2
0	0	0.0	24.3	5346.0	33.1	1.36	2
50	50	1.0	14.5	3190.0	54.9	3.79	2
30	30	1.0	13.6	2992.0	62.9	4.63	2
0	0	0.0	10.3	2266.0	0.0	0.0	2
0	0	0.0	12.2	2684.0	0.0	0.0	2
50	50	1.0	9.1	2002.0	16.8	1.85	2
40	40	1.0	14.0	3080.0	41.8	2.99	2
0	0	0.0	4.0	880.0	11.2	2.8	2
0	0	0.0	11.4	2508.0	5.2	0.46	2
10	10	1.0	10.9	2398.0	3.8	0.35	2
50	50	1.0	16.5	3630.0	34.4	2.08	2
25	25	1.0	11.2	2464.0	43.4	3.88	2
15	15	1.0	18.1	3982.0	2.2	0.12	2
10	10	1.0	21.6	4752.0	0.0	0.0	2
25	25	1.0	18.3	4026.0	0.3	0.02	2
50	50	1.0	18.8	4136.0	22.9	1.22	2
0	0	0.0	0.3	66.0	5.6	18.67	2
0	0	0.0	2.1	462.0	0.9	0.43	2
3	3	1.0	3.0	660.0	1.3	0.43	2
20	20	1.0	2.3	506.0	16.2	7.04	2
0	0	0.0	3.1	682.0	14.1	4.55	2
0	0	0.0	1.5	330.0	0.0	0.0	2
0	0	0.0	1.0	220.0	0.0	0.0	2
0	0	0.0	6.8	1496.0	0.0	0.0	2
40	40	1.0	3.2	704.0	24.0	7.5	2
0	0	0.0	0.1	22.0	7.8	78.0	2
0	0	0.0	1.8	396.0	42.4	23.56	2
0	0	0.0	11.9	2618.0	34.8	2.92	2
30	30	1.0	7.7	1694.0	51.4	6.68	2
0	0	0.0	9.2	2024.0	39.5	4.29	2
0	0	0.0	9.0	1980.0	0.0	0.0	2
20	20	1.0	8.4	1848.0	5.1	0.61	2
0	0	0.0	5.7	1254.0	0.8	0.14	2
40	40	1.0	7.6	1672.0	27.5	3.62	2
0	0	0.0	2.9	638.0	7.5	2.59	2
0	0	0.0	13.3	2926.0	40.0	3.01	2
10	7	0.7	10.0	2200.0	32.9	3.29	2
15	15	1.0	7.0	1540.0	36.6	5.23	2
15	15	1.0	3.4	748.0	40.1	11.79	2
10	10	1.0	8.3	1826.0	4.4	0.53	2
10	10	1.0	7.9	1738.0	6.5	0.82	2
0	0	0.0	14.9	3278.0	0.0	0.0	2
40	40	1.0	4.6	1012.0	22.4	4.87	2
0	0	0.0	0.6	132.0	6.7	11.17	2
0	0	0.0	1.8	396.0	17.4	9.67	2
0	0	0.0	10.4	2288.0	8.6	0.83	2
5	5	1.0	3.1	682.0	8.6	2.77	2
0	0	0.0	3.2	704.0	5.4	1.69	2
10	10	1.0	5.4	1188.0	6.1	1.13	2
0	0	0.0	5.5	1210.0	1.0	0.18	2
10	10	1.0	4.0	880.0	5.9	1.48	2
40	40	1.0	5.9	1298.0	35.9	6.08	2
0	0	0.0	0.7	154.0	11.0	15.71	2
0	0	0.0	6.9	1587.0	11.2	1.62	3
25	5	0.2	4.7	1081.0	10.1	2.15	3
25	25	1.0	3.6	828.0	28.7	7.97	3
50	50	1.0	3.4	782.0	59.9	17.62	3
0	0	0.0	13.5	2855.0	0.0	0.0	2
25	25	1.0	62.7	12921.0	1.4	0.02	2
0	0	0.0	4.8	1104.0	0.0	0.0	3
10	10	1.0	5.1	1173.0	0.0	0.0	3
0	0	0.0	0.7	161.0	0.0	0.0	3
0	0	0.0	0.4	92.0	14.5	36.25	3
0	0	0.0	1.9	437.0	13.6	7.16	3
0	0	0.0	2.6	598.0	11.3	4.35	3
0	0	0.0	0.6	138.0	8.1	13.5	3
0	0	0.0	0.5	115.0	0.0	0.0	3
0	0	0.0	0.4	92.0	0.0	0.0	3
0	0	0.0	0.8	184.0	0.0	0.0	3
0	0	0.0	1.2	276.0	0.0	0.0	3
0	0	0.0	0.2	46.0	0.0	0.0	3
0	0	0.0	12.4	2728.0	22.0	1.77	2
0	0	0.0	4.0	880.0	12.7	3.18	2
10	10	1.0	7.2	1584.0	16.5	2.29	2
20	20	1.0	5.9	1298.0	24.6	4.17	2
0	0	0.0	8.4	1848.0	0.0	0.0	2
0	0	0.0	5.3	1166.0	0.0	0.0	2
0	0	0.0	8.1	1782.0	0.0	0.0	2
40	40	1.0	9.0	1980.0	8.1	0.9	2
0	0	0.0	2.1	462.0	1.5	0.71	2
0	0	0.0	6.7	1474.0	26.8	4.0	2
0	0	0.0	9.7	2134.0	17.1	1.76	2
15	15	1.0	13.2	2904.0	17.7	1.34	2
20	20	1.0	5.0	1100.0	25.3	5.06	2
5	5	1.0	5.4	1188.0	1.2	0.22	2
20	20	1.0	5.1	1122.0	13.2	2.59	2
0	0	0.0	14.8	3256.0	3.2	0.22	2
40	40	1.0	5.8	1276.0	29.6	5.1	2
0	0	0.0	0.3	66.0	9.3	31.0	2
0	0	0.0	0.0	0.0	0.0	99999.0	1
75	7	0.09	0.6	132.0	5.8	9.67	2
10	10	1.0	1.7	374.0	14.2	8.35	2
0	0	0.0	5.3	1166.0	11.2	2.11	2
0	0	0.0	1.2	264.0	0.0	0.0	2
0	0	0.0	0.9	198.0	0.0	0.0	2
0	0	0.0	5.0	1100.0	0.0	0.0	2
40	40	1.0	0.5	110.0	26.8	53.6	2
0	0	0.0	1.8	396.0	8.4	4.67	2
0	0	0.0	9.9	2178.0	20.7	2.09	2
10	10	1.0	13.1	2882.0	17.5	1.34	2
30	30	1.0	16.4	3608.0	29.5	1.8	2
25	25	1.0	14.5	3190.0	37.0	2.55	2
20	20	1.0	20.4	4488.0	3.1	0.15	2
20	20	1.0	11.2	2464.0	9.2	0.82	2
0	0	0.0	15.1	3322.0	1.1	0.07	2
40	40	1.0	9.6	2112.0	21.3	2.22	2
0	0	0.0	0.3	66.0	6.1	20.33	2
0	0	0.0	1.8	396.0	18.4	10.22	2
5	5	1.0	4.7	1034.0	18.7	3.98	2
0	0	0.0	4.8	1056.0	15.2	3.17	2
0	0	0.0	10.2	2244.0	7.3	0.72	2
10	10	1.0	4.8	1056.0	4.5	0.94	2
0	0	0.0	6.5	1430.0	0.8	0.12	2
10	10	1.0	2.9	638.0	3.8	1.31	2
40	40	1.0	6.6	1452.0	33.3	5.05	2
0	0	0.0	6.7	1474.0	9.5	1.42	2
0	0	0.0	7.0	1540.0	14.8	2.11	2
10	7	0.7	5.6	1232.0	14.1	2.52	2
10	10	1.0	5.3	1166.0	17.8	3.36	2
0	0	0.0	6.3	1386.0	12.2	1.94	2
10	10	1.0	4.4	968.0	5.4	1.23	2
0	0	0.0	5.4	1188.0	1.3	0.24	2
0	0	0.0	5.7	1254.0	0.0	0.0	2
10	10	1.0	8.9	1958.0	0.4	0.04	2
0	0	0.0	2.9	638.0	0.0	0.0	2
0	0	0.0	12.7	2794.0	8.1	0.64	2
7	7	1.0	8.2	1804.0	4.0	0.49	2
25	25	1.0	5.5	1210.0	19.9	3.62	2
0	0	0.0	8.8	1936.0	13.6	1.55	2
10	10	1.0	8.9	1958.0	3.5	0.39	2
0	0	0.0	10.9	2398.0	0.0	0.0	2
10	10	1.0	6.8	1496.0	0.0	0.0	2
40	40	1.0	7.6	1672.0	24.4	3.21	2
0	0	0.0	4.2	924.0	6.2	1.48	2
0	0	0.0	6.4	1408.0	1.3	0.2	2
10	3	0.3	3.0	660.0	0.9	0.3	2
20	20	1.0	0.7	154.0	16.8	24.0	2
10	10	1.0	7.3	1606.0	20.7	2.84	2
0	0	0.0	4.9	1078.0	0.0	0.0	2
10	10	1.0	4.9	1078.0	0.7	0.14	2
10	10	1.0	4.5	990.0	5.3	1.18	2
40	40	1.0	5.6	1232.0	36.2	6.46	2
0	0	0.0	2.3	506.0	10.6	4.61	2
0	0	0.0	3.2	704.0	19.3	6.03	2
0	0	0.0	1.7	374.0	16.9	9.94	2
0	0	0.0	2.5	550.0	14.7	5.88	2
0	0	0.0	2.2	484.0	10.8	4.91	2
0	0	0.0	3.3	726.0	0.0	0.0	2
10	10	1.0	4.2	924.0	3.1	0.74	2
0	0	0.0	2.0	440.0	1.2	0.6	2
40	40	1.0	2.7	594.0	32.8	12.15	2
0	0	0.0	0.3	66.0	10.7	35.67	2
0	0	0.0	6.4	1408.0	6.9	1.08	2
3	3	1.0	5.5	1210.0	3.2	0.58	2
15	15	1.0	4.1	902.0	11.3	2.76	2
5	5	1.0	6.5	1430.0	11.1	1.71	2
0	0	0.0	8.6	1892.0	0.0	0.0	2
15	15	1.0	3.7	814.0	1.6	0.43	2
0	0	0.0	8.2	1804.0	0.0	0.0	2
50	50	1.0	3.4	748.0	33.9	9.97	2
0	0	0.0	1.8	396.0	10.8	6.0	2
0	0	0.0	12.6	2772.0	39.8	3.16	2
0	0	0.0	3.3	726.0	31.5	9.55	2
0	0	0.0	4.3	946.0	27.7	6.44	2
0	0	0.0	4.6	1012.0	19.9	4.33	2
0	0	0.0	5.6	1232.0	0.0	0.0	2
0	0	0.0	9.0	1980.0	0.0	0.0	2
25	25	1.0	8.2	1804.0	3.4	0.41	2
40	40	1.0	26.6	5552.0	19.3	0.73	2
35	35	1.0	2.5	550.0	8.9	3.56	2
0	0	0.0	5.6	1232.0	24.2	4.32	2
20	7	0.35	4.2	924.0	25.4	6.05	2
25	25	1.0	10.7	2354.0	41.0	3.83	2
20	20	1.0	5.7	1254.0	45.8	8.04	2
0	0	0.0	7.8	1716.0	0.0	0.0	2
0	0	0.0	7.7	1694.0	0.0	0.0	2
0	0	0.0	12.6	2772.0	0.0	0.0	2
40	40	1.0	6.3	1386.0	4.8	0.76	2
0	0	0.0	0.7	154.0	1.0	1.43	2
0	0	0.0	0.0	0.0	0.8	99999.0	1
5	5	1.0	4.6	1012.0	3.7	0.8	2
25	25	1.0	7.7	1694.0	19.9	2.58	2
10	10	1.0	9.6	2112.0	17.7	1.84	2
4	4	1.0	4.2	924.0	0.5	0.12	2
5	5	1.0	8.3	1826.0	0.4	0.05	2
8	8	1.0	5.2	1144.0	0.6	0.12	2
45	45	1.0	7.1	1562.0	32.3	4.55	2
0	0	0.0	0.5	110.0	10.1	20.2	2
0	0	0.0	3.4	748.0	18.1	5.32	2
9	5	0.56	2.7	594.0	19.6	7.26	2
0	0	0.0	6.0	1320.0	14.3	2.38	2
12	12	1.0	4.0	880.0	18.1	4.53	2
5	5	1.0	6.2	1364.0	0.8	0.13	2
10	10	1.0	3.7	814.0	4.5	1.22	2
8	8	1.0	2.5	550.0	10.5	4.2	2
40	40	1.0	6.6	1452.0	39.8	6.03	2
0	0	0.0	0.2	44.0	12.4	62.0	2
0	0	0.0	10.1	2222.0	28.8	2.85	2
10	7	0.7	4.9	1078.0	28.0	5.71	2
10	10	1.0	5.1	1122.0	32.5	6.37	2
5	5	1.0	9.6	2112.0	26.3	2.74	2
10	10	1.0	8.3	1826.0	2.2	0.27	2
5	5	1.0	5.7	1254.0	0.9	0.16	2
10	10	1.0	14.4	3168.0	2.4	0.17	2
40	40	1.0	5.8	1276.0	28.2	4.86	2
0	0	0.0	2.5	550.0	8.0	3.2	2
0	0	0.0	1.3	286.0	13.5	10.38	2
0	0	0.0	10.5	2310.0	6.7	0.64	2
15	15	1.0	1.1	242.0	14.7	13.36	2
0	0	0.0	3.4	748.0	12.6	3.71	2
0	0	0.0	1.9	418.0	0.0	0.0	2
0	0	0.0	0.6	132.0	0.0	0.0	2
0	0	0.0	7.1	1562.0	0.0	0.0	2
50	50	1.0	0.9	198.0	34.0	37.78	2
0	0	0.0	3.3	726.0	10.4	3.15	2
0	0	0.0	6.4	1408.0	7.0	1.09	2
7	7	1.0	8.4	1848.0	6.6	0.79	2
20	20	1.0	6.8	1496.0	16.5	2.43	2
100	100	1.0	6.4	1408.0	82.7	12.92	2
0	0	0.0	3.6	792.0	0.0	0.0	2
0	0	0.0	11.7	2574.0	0.0	0.0	2
0	0	0.0	6.6	1452.0	0.0	0.0	2
0	0	0.0	4.3	946.0	0.0	0.0	2
0	0	0.0	1.7	374.0	0.0	0.0	2
0	0	0.0	2.5	575.0	4.5	1.8	3
5	3	0.6	1.2	276.0	5.2	4.33	3
3	3	1.0	0.6	138.0	7.2	12.0	3
0	0	0.0	1.0	230.0	5.8	5.8	3
0	0	0.0	1.3	299.0	0.0	0.0	3
0	0	0.0	1.7	391.0	0.0	0.0	3
3	3	1.0	1.8	414.0	0.0	0.0	3
0	0	0.0	2.5	575.0	0.0	0.0	3
5	5	1.0	0.0	0.0	0.1	99999.0	1
0	0	0.0	3.6	828.0	30.7	8.53	3
24	7	0.29	7.5	1725.0	31.2	4.16	3
20	20	1.0	8.8	2024.0	40.4	4.59	3
10	10	1.0	13.9	3197.0	33.9	2.44	3
0	0	0.0	9.9	2277.0	0.0	0.0	3
5	5	1.0	7.2	1656.0	0.0	0.0	3
10	10	1.0	11.9	2737.0	0.0	0.0	3
0	0	0.0	8.5	1955.0	0.0	0.0	3
15	15	1.0	2.7	621.0	0.0	0.0	3
0	0	0.0	4.9	1127.0	27.5	5.61	3
0	0	0.0	4.4	1012.0	23.9	5.43	3
10	10	1.0	5.2	1196.0	27.8	5.35	3
10	10	1.0	7.2	1656.0	26.8	3.72	3
0	0	0.0	3.4	782.0	0.0	0.0	3
5	5	1.0	6.0	1380.0	0.0	0.0	3
10	10	1.0	8.1	1863.0	0.0	0.0	3
5	5	1.0	3.5	805.0	0.4	0.11	3
0	0	0.0	0.5	115.0	0.0	0.0	3
0	0	0.0	0.8	184.0	5.8	7.25	3
160	160	1.0	1.2	276.0	141.8	118.17	3
0	0	0.0	1.4	322.0	163.3	116.64	3
500	500	1.0	3.4	782.0	494.7	145.5	3
10	10	1.0	5.3	1219.0	6.2	1.17	3
0	0	0.0	1.9	437.0	3.8	2.0	3
5	5	1.0	2.3	529.0	5.2	2.26	3
400	400	1.0	0.7	161.0	347.8	496.86	3
0	0	0.0	0.4	92.0	115.6	289.0	3
0	0	0.0	3.4	782.0	9.6	2.82	3
50	12	0.24	7.6	1748.0	16.5	2.17	3
50	50	1.0	2.4	552.0	55.7	23.21	3
0	0	0.0	9.7	2231.0	48.7	5.02	3
25	25	1.0	12.3	2829.0	14.0	1.14	3
25	25	1.0	13.6	3128.0	23.8	1.75	3
0	0	0.0	13.5	3105.0	13.5	1.0	3
25	25	1.0	11.6	2668.0	26.0	2.24	3
25	25	1.0	4.3	989.0	9.2	2.14	3
0	0	0.0	2.7	621.0	17.4	6.44	3
0	0	0.0	7.2	1656.0	14.2	1.97	3
8	8	1.0	2.9	667.0	14.0	4.83	3
20	20	1.0	6.4	1472.0	24.4	3.81	3
0	0	0.0	4.0	920.0	0.0	0.0	3
10	10	1.0	13.3	3059.0	2.1	0.16	3
20	20	1.0	1.6	368.0	9.0	5.63	3
0	0	0.0	7.0	1610.0	6.5	0.93	3
5	5	1.0	0.8	184.0	1.4	1.75	3
0	0	0.0	36.0	7380.0	8.8	0.24	2
7	7	1.0	59.1	12115.5	0.0	0.0	2
100	100	1.0	63.2	12956.0	10.9	0.17	2
0	0	0.0	25.2	5166.0	0.0	0.0	2
0	0	0.0	18.0	3690.0	0.0	0.0	2
0	0	0.0	6.8	1394.0	0.0	0.0	2
0	0	0.0	22.1	4530.5	0.0	0.0	2
0	0	0.0	23.5	4817.5	0.0	0.0	2
0	0	0.0	4.0	820.0	0.0	0.0	2
0	0	0.0	0.7	161.0	6.5	9.29	3
0	0	0.0	0.2	46.0	6.2	31.0	3
0	0	0.0	0.4	92.0	5.9	14.75	3
0	0	0.0	0.0	0.0	4.9	99999.0	1
0	0	0.0	0.4	92.0	0.0	0.0	3
5	5	1.0	0.0	0.0	3.9	99999.0	1
0	0	0.0	0.0	0.0	4.6	99999.0	1
0	0	0.0	0.6	138.0	4.2	7.0	3
0	0	0.0	0.1	23.0	1.1	11.0	3
0	0	0.0	0.0	0.0	11.8	99999.0	1
0	0	0.0	0.0	0.0	11.8	99999.0	1
0	0	0.0	0.0	0.0	11.8	99999.0	1
0	0	0.0	10.6	2438.0	10.1	0.95	3
0	0	0.0	0.0	0.0	0.0	99999.0	1
0	0	0.0	0.0	0.0	0.0	99999.0	1
5	5	1.0	0.0	0.0	0.0	99999.0	1
3	3	1.0	2.2	506.0	0.0	0.0	3
0	0	0.0	0.0	0.0	0.0	99999.0	1
0	0	0.0	0.0	0.0	2.5	99999.0	1
0	0	0.0	0.0	0.0	2.5	99999.0	1
0	0	0.0	0.0	0.0	2.5	99999.0	1
0	0	0.0	0.5	115.0	1.9	3.8	3
0	0	0.0	0.0	0.0	0.0	99999.0	1
0	0	0.0	0.0	0.0	0.0	99999.0	1
0	0	0.0	0.0	0.0	0.0	99999.0	1
0	0	0.0	0.0	0.0	0.0	99999.0	1
2	2	1.0	2.0	460.0	0.0	0.0	3
0	0	0.0	0.0	0.0	0.3	99999.0	1
2	2	1.0	0.0	0.0	1.2	99999.0	1
0	0	0.0	0.2	46.0	2.2	11.0	3
0	0	0.0	0.0	0.0	1.8	99999.0	1
1	1	1.0	0.0	0.0	0.4	99999.0	1
0	0	0.0	0.0	0.0	1.0	99999.0	1
0	0	0.0	0.1	23.0	0.9	9.0	3
0	0	0.0	0.0	0.0	0.9	99999.0	1
0	0	0.0	0.0	0.0	0.3	99999.0	1
0	0	0.0	0.0	0.0	3.8	99999.0	1
0	0	0.0	0.1	23.0	3.7	37.0	3
0	0	0.0	0.0	0.0	3.7	99999.0	1
0	0	0.0	0.0	0.0	3.2	99999.0	1
0	0	0.0	0.0	0.0	0.0	99999.0	1
0	0	0.0	0.0	0.0	0.0	99999.0	1
0	0	0.0	0.0	0.0	0.0	99999.0	1
0	0	0.0	0.0	0.0	0.0	99999.0	1
0	0	0.0	0.0	0.0	0.0	99999.0	1
0	0	0.0	0.0	0.0	4.6	99999.0	1
0	0	0.0	0.7	161.0	4.2	6.0	3
0	0	0.0	0.2	46.0	3.9	19.5	3
5	5	1.0	0.1	23.0	5.3	53.0	3
0	0	0.0	0.4	92.0	0.0	0.0	3
0	0	0.0	0.2	46.0	0.0	0.0	3
0	0	0.0	0.1	23.0	0.0	0.0	3
2	2	1.0	0.1	23.0	0.7	7.0	3
0	0	0.0	0.0	0.0	0.3	99999.0	1
0	0	0.0	9.0	2070.0	53.0	5.89	3
10	10	1.0	10.5	2415.0	51.4	4.9	3
25	25	1.0	4.7	1081.0	67.0	14.26	3
0	0	0.0	6.4	1472.0	57.4	8.97	3
25	25	1.0	10.9	2507.0	14.4	1.32	3
25	25	1.0	8.5	1955.0	30.8	3.62	3
20	20	1.0	9.6	2208.0	41.5	4.32	3
0	0	0.0	2.8	644.0	38.7	13.82	3
0	0	0.0	1.2	276.0	10.6	8.83	3
0	0	0.0	0.0	0.0	0.0	99999.0	1
0	0	0.0	0.0	0.0	0.0	99999.0	1
0	0	0.0	0.0	0.0	0.0	99999.0	1
0	0	0.0	14.0	3220.0	0.0	0.0	3
0	0	0.0	0.0	0.0	0.0	99999.0	1
0	0	0.0	0.1	23.0	0.0	0.0	3
0	0	0.0	0.1	23.0	0.0	0.0	3
0	0	0.0	2.0	437.0	0.0	0.0	2
0	0	0.0	0.0	0.0	0.0	99999.0	1
0	0	0.0	0.0	0.0	0.8	99999.0	1
0	0	0.0	0.0	0.0	0.8	99999.0	1
0	0	0.0	0.0	0.0	0.8	99999.0	1
0	0	0.0	0.0	0.0	0.7	99999.0	1
0	0	0.0	0.0	0.0	0.0	99999.0	1
1	1	1.0	0.0	0.0	0.6	99999.0	1
0	0	0.0	0.0	0.0	1.0	99999.0	1
0	0	0.0	0.0	0.0	1.0	99999.0	1
0	0	0.0	0.0	0.0	0.3	99999.0	1
0	0	0.0	0.0	0.0	0.9	99999.0	1
0	0	0.0	0.1	23.0	0.8	8.0	3
2	2	1.0	0.3	69.0	1.8	6.0	3
0	0	0.0	0.2	46.0	2.1	10.5	3
2	2	1.0	0.4	92.0	1.0	2.5	3
0	0	0.0	0.4	92.0	1.4	3.5	3
0	0	0.0	0.2	46.0	1.1	5.5	3
0	0	0.0	0.5	111.55	0.7	1.4	2
0	0	0.0	0.0	0.0	0.1	99999.0	1
0	0	0.0	0.0	0.0	0.0	99999.0	1
0	0	0.0	1.3	299.0	0.0	0.0	3
2	2	1.0	0.5	115.0	0.1	0.2	3
0	0	0.0	0.1	23.0	0.1	1.0	3
2	2	1.0	0.3	69.0	0.7	2.33	3
0	0	0.0	0.2	46.0	1.6	8.0	3
0	0	0.0	2.1	483.0	0.2	0.1	3
0	0	0.0	0.3	66.7	0.0	0.0	2
0	0	0.0	0.0	0.0	0.0	99999.0	1
0	0	0.0	0.1	23.0	4.7	47.0	3
5	5	1.0	0.1	23.0	8.9	89.0	3
0	0	0.0	2.5	575.0	9.0	3.6	3
0	0	0.0	2.8	644.0	5.3	1.89	3
2	2	1.0	0.4	92.0	1.4	3.5	3
0	0	0.0	0.0	0.0	1.6	99999.0	1
0	0	0.0	0.5	115.0	1.3	2.6	3
0	0	0.0	0.6	138.0	0.7	1.17	3
0	0	0.0	0.0	0.0	0.1	99999.0	1
0	0	0.0	0.2	46.0	0.0	0.0	3
0	0	0.0	0.0	0.0	0.0	99999.0	1
0	0	0.0	0.0	0.0	0.0	99999.0	1
0	0	0.0	4.2	966.0	0.0	0.0	3
0	0	0.0	1.4	322.0	0.0	0.0	3
0	0	0.0	4.5	1035.0	0.0	0.0	3
0	0	0.0	1.3	289.0	0.0	0.0	2
0	0	0.0	0.6	138.0	0.0	0.0	3
0	0	0.0	0.3	69.0	0.0	0.0	3
0	0	0.0	0.4	92.0	1.0	2.5	3
0	0	0.0	0.1	23.0	0.8	8.0	3
0	0	0.0	0.3	69.0	0.6	2.0	3
0	0	0.0	0.3	69.0	0.4	1.33	3
5	5	1.0	0.2	46.0	3.9	19.5	3
5	5	1.0	0.1	23.0	8.8	88.0	3
0	0	0.0	0.2	46.0	9.4	47.0	3
5	5	1.0	0.6	138.0	13.1	21.83	3
0	0	0.0	0.1	23.0	3.9	39.0	3
0	0	0.0	0.0	0.0	0.0	99999.0	1
0	0	0.0	0.0	0.0	0.0	99999.0	1
0	0	0.0	0.0	0.0	0.0	99999.0	1
0	0	0.0	0.9	196.65	0.0	0.0	2
0	0	0.0	1.4	322.0	0.0	0.0	3
0	0	0.0	1.7	379.5	0.0	0.0	2
0	0	0.0	3.0	690.0	0.0	0.0	3
7	7	1.0	0.0	0.0	0.9	99999.0	1
0	0	0.0	0.4	92.0	0.2	0.5	3
0	0	0.0	0.0	0.0	0.0	99999.0	1
0	0	0.0	0.0	0.0	0.0	99999.0	1
0	0	0.0	0.0	0.0	0.0	99999.0	1
0	0	0.0	0.9	196.65	0.0	0.0	2
0	0	0.0	1.4	322.0	0.0	0.0	3
0	0	0.0	1.7	379.5	0.0	0.0	2
0	0	0.0	3.0	690.0	0.0	0.0	3
0	0	0.0	0.0	0.0	0.0	99999.0	1
0	0	0.0	0.4	92.0	0.0	0.0	3
0	0	0.0	0.7	161.0	0.8	1.14	3
0	0	0.0	0.2	46.0	0.3	1.5	3
0	0	0.0	0.1	23.0	0.2	2.0	3
0	0	0.0	0.6	138.0	0.1	0.17	3
0	0	0.0	1.0	230.0	0.0	0.0	3
0	0	0.0	16.2	3351.0	0.0	0.0	2
0	0	0.0	2.3	529.0	0.0	0.0	3
0	0	0.0	0.1	23.0	0.0	0.0	3
0	0	0.0	0.0	0.0	0.0	99999.0	1
0	0	0.0	0.4	92.0	10.4	26.0	3
0	0	0.0	0.3	69.0	10.2	34.0	3
0	0	0.0	0.8	175.95	9.5	11.88	2
0	0	0.0	0.9	207.0	7.5	8.33	3
0	0	0.0	0.2	46.0	0.0	0.0	3
2	2	1.0	1.0	225.4	0.8	0.8	2
0	0	0.0	0.4	89.7	0.5	1.25	2
0	0	0.0	0.7	154.1	0.1	0.14	2
1	1	1.0	0.0	0.0	0.1	99999.0	1
0	0	0.0	0.3	66.7	5.4	18.0	2
0	0	0.0	0.3	69.0	5.1	17.0	3
0	0	0.0	0.3	69.0	4.8	16.0	3
0	0	0.0	0.5	115.0	3.9	7.8	3
0	0	0.0	0.1	23.0	0.0	0.0	3
0	0	0.0	0.2	46.0	0.0	0.0	3
0	0	0.0	0.0	0.0	0.0	99999.0	1
0	0	0.0	0.3	69.0	0.0	0.0	3
0	0	0.0	0.1	23.0	0.0	0.0	3
0	0	0.0	2.0	437.0	1.7	0.85	2
0	0	0.0	1.0	218.5	0.0	0.0	2
0	0	0.0	0.0	0.0	0.0	99999.0	1
0	0	0.0	2.0	460.0	0.0	0.0	3
0	0	0.0	0.0	0.0	0.0	99999.0	1
0	0	0.0	0.0	0.0	0.0	99999.0	1
0	0	0.0	0.0	0.0	0.0	99999.0	1
2	2	1.0	0.0	0.0	1.1	99999.0	1
0	0	0.0	0.0	0.0	0.6	99999.0	1
0	0	0.0	0.2	46.0	0.7	3.5	3
2	2	1.0	0.0	0.0	2.3	99999.0	1
0	0	0.0	0.1	23.0	2.5	25.0	3
0	0	0.0	0.5	115.0	2.0	4.0	3
0	0	0.0	0.5	115.0	0.0	0.0	3
0	0	0.0	0.0	0.0	0.0	99999.0	1
0	0	0.0	0.1	23.0	0.0	0.0	3
2	2	1.0	0.0	0.0	1.0	99999.0	1
0	0	0.0	0.0	0.0	0.3	99999.0	1
0	0	0.0	0.1	23.0	0.6	6.0	3
4	4	1.0	0.1	23.0	4.0	40.0	3
0	0	0.0	0.0	0.0	4.5	99999.0	1
0	0	0.0	0.2	46.0	3.7	18.5	3
0	0	0.0	0.2	46.0	0.0	0.0	3
0	0	0.0	0.0	0.0	0.0	99999.0	1
0	0	0.0	0.1	23.0	0.0	0.0	3
0	0	0.0	0.1	23.0	0.0	0.0	3
0	0	0.0	0.0	0.0	0.0	99999.0	1
0	0	0.0	0.8	184.0	1.9	2.38	3
4	4	1.0	1.0	230.0	4.4	4.4	3
0	0	0.0	0.4	92.0	4.2	10.5	3
0	0	0.0	1.8	414.0	2.9	1.61	3
3	3	1.0	1.3	299.0	1.3	1.0	3
0	0	0.0	0.8	184.0	0.5	0.63	3
0	0	0.0	1.3	299.0	0.0	0.0	3
3	3	1.0	0.7	161.0	1.2	1.71	3
0	0	0.0	0.5	115.0	0.2	0.4	3
0	0	0.0	0.0	0.0	4.6	99999.0	1
0	0	0.0	0.0	0.0	4.6	99999.0	1
0	0	0.0	0.3	69.0	4.3	14.33	3
0	0	0.0	0.7	161.0	3.5	5.0	3
0	0	0.0	1.6	361.1	0.0	0.0	2
0	0	0.0	0.3	69.0	0.0	0.0	3
0	0	0.0	0.0	0.0	0.0	99999.0	1
0	0	0.0	0.0	0.0	0.0	99999.0	1
0	0	0.0	0.1	23.0	0.0	0.0	3
0	0	0.0	0.0	0.0	5.1	99999.0	1
0	0	0.0	0.1	23.0	5.1	51.0	3
0	0	0.0	0.0	0.0	5.0	99999.0	1
0	0	0.0	2.1	483.0	3.4	1.62	3
0	0	0.0	0.0	0.0	0.0	99999.0	1
1	1	1.0	0.0	0.0	0.7	99999.0	1
0	0	0.0	0.0	0.0	1.0	99999.0	1
0	0	0.0	0.0	0.0	1.0	99999.0	1
0	0	0.0	0.1	23.0	0.3	3.0	3
0	0	0.0	0.0	0.0	2.0	99999.0	1
0	0	0.0	0.1	23.0	2.0	20.0	3
0	0	0.0	0.0	0.0	1.9	99999.0	1
10	10	1.0	0.3	69.0	5.8	19.33	3
0	0	0.0	1.0	230.0	0.0	0.0	3
0	0	0.0	0.2	46.0	0.0	0.0	3
0	0	0.0	0.6	138.0	0.0	0.0	3
0	0	0.0	1.0	220.0	0.0	0.0	2
0	0	0.0	0.1	23.0	0.0	0.0	3
0	0	0.0	2.0	448.5	4.5	2.25	2
0	0	0.0	0.3	69.0	3.2	10.67	3
0	0	0.0	0.1	23.0	3.1	31.0	3
1	1	1.0	0.0	0.0	3.4	99999.0	1
0	0	0.0	0.3	69.0	0.0	0.0	3
0	0	0.0	0.2	46.0	0.0	0.0	3
0	0	0.0	0.1	21.85	0.0	0.0	2
1	1	1.0	0.3	69.0	0.2	0.67	3
0	0	0.0	0.0	0.0	0.0	99999.0	1
0	0	0.0	0.8	184.0	7.3	9.13	3
0	0	0.0	1.3	299.0	5.9	4.54	3
0	0	0.0	0.8	184.0	4.9	6.13	3
3	3	1.0	6.3	1426.0	1.7	0.27	2
3	3	1.0	1.0	230.0	1.9	1.9	3
5	5	1.0	1.7	391.0	5.2	3.06	3
1	1	1.0	1.1	253.0	5.4	4.91	3
0	0	0.0	0.7	158.7	4.6	6.57	2
0	0	0.0	0.6	138.0	1.2	2.0	3
